date,max_temperature_f,mean_temperature_f,min_temperature_f,max_dew_point_f,mean_dew_point_f,min_dew_point_f,max_humidity,mean_humidity,min_humidity,max_sea_level_pressure_inches,mean_sea_level_pressure_inches,min_sea_level_pressure_inches,max_visibility_miles,mean_visibility_miles,min_visibility_miles,max_wind_Speed_mph,mean_wind_speed_mph,max_gust_speed_mph,precipitation_inches,cloud_cover,wind_dir_degrees,Fog-Rain,Rain,Rain-Thunderstorm
2013-08-29,74.0,68.0,61.0,61.0,58.0,56.0,93.0,75.0,57.0,30.07,30.02,29.97,10.0,10.0,10.0,23.0,11.0,28.0,0.0,4.0,286.0,0,0,0
2013-08-30,78.0,69.0,60.0,61.0,58.0,56.0,90.0,70.0,50.0,30.05,30.0,29.93,10.0,10.0,7.0,29.0,13.0,35.0,0.0,2.0,291.0,0,0,0
2013-08-31,71.0,64.0,57.0,57.0,56.0,54.0,93.0,75.0,57.0,30.0,29.96,29.92,10.0,10.0,10.0,26.0,15.0,31.0,0.0,4.0,284.0,0,0,0
2013-09-01,74.0,66.0,58.0,60.0,56.0,53.0,87.0,68.0,49.0,29.96,29.93,29.91,10.0,10.0,10.0,25.0,13.0,29.0,0.0,4.0,284.0,0,0,0
2013-09-02,75.0,69.0,62.0,61.0,60.0,58.0,93.0,77.0,61.0,29.97,29.94,29.9,10.0,10.0,6.0,23.0,12.0,30.0,0.0,6.0,277.0,0,0,0
2013-09-03,73.0,67.0,60.0,59.0,56.0,51.0,84.0,65.0,46.0,30.02,29.98,29.95,10.0,10.0,10.0,24.0,15.0,31.0,0.0,2.0,276.0,0,0,0
2013-09-04,74.0,68.0,61.0,59.0,57.0,56.0,90.0,72.0,53.0,30.05,30.01,29.97,10.0,10.0,10.0,29.0,19.0,35.0,0.0,4.0,269.0,0,0,0
2013-09-05,72.0,66.0,60.0,57.0,56.0,54.0,90.0,74.0,57.0,30.04,30.0,29.97,10.0,10.0,10.0,31.0,21.0,37.0,0.0,3.0,270.0,0,0,0
2013-09-06,85.0,71.0,56.0,57.0,51.0,45.0,86.0,58.0,29.0,30.0,29.92,29.83,10.0,10.0,10.0,24.0,8.0,28.0,0.0,0.0,287.0,0,0,0
2013-09-07,88.0,73.0,58.0,64.0,54.0,46.0,86.0,59.0,31.0,29.88,29.85,29.81,10.0,10.0,10.0,21.0,8.0,25.0,0.0,1.0,305.0,0,0,0
2013-09-08,74.0,65.0,56.0,58.0,54.0,52.0,86.0,70.0,53.0,29.88,29.83,29.76,10.0,10.0,10.0,26.0,11.0,31.0,0.0,2.0,299.0,0,0,0
2013-09-09,76.0,66.0,55.0,58.0,55.0,52.0,90.0,70.0,50.0,29.82,29.77,29.72,10.0,10.0,10.0,26.0,11.0,30.0,0.0,1.0,303.0,0,0,0
2013-09-10,74.0,66.0,57.0,59.0,56.0,54.0,93.0,73.0,53.0,29.91,29.82,29.76,10.0,10.0,10.0,17.0,8.0,21.0,0.0,1.0,230.0,0,0,0
2013-09-11,74.0,68.0,62.0,57.0,55.0,54.0,78.0,68.0,57.0,30.0,29.97,29.91,10.0,10.0,10.0,18.0,9.0,23.0,0.0,5.0,219.0,0,0,0
2013-09-12,71.0,65.0,59.0,58.0,57.0,55.0,84.0,73.0,61.0,29.99,29.95,29.91,10.0,10.0,9.0,25.0,11.0,30.0,0.0,7.0,268.0,0,0,0
2013-09-13,66.0,62.0,57.0,55.0,54.0,54.0,93.0,80.0,67.0,29.92,29.87,29.8,10.0,10.0,7.0,30.0,15.0,37.0,0.0,6.0,271.0,0,0,0
2013-09-14,66.0,62.0,57.0,55.0,54.0,53.0,87.0,77.0,67.0,29.86,29.81,29.77,10.0,10.0,9.0,25.0,16.0,33.0,0.0,7.0,265.0,0,0,0
2013-09-15,73.0,66.0,58.0,59.0,55.0,52.0,90.0,72.0,53.0,29.88,29.85,29.81,10.0,10.0,6.0,23.0,13.0,26.0,0.0,5.0,276.0,0,0,0
2013-09-16,71.0,65.0,59.0,58.0,55.0,53.0,90.0,74.0,57.0,29.91,29.87,29.81,10.0,10.0,6.0,31.0,16.0,39.0,0.0,3.0,274.0,0,0,0
2013-09-17,68.0,63.0,57.0,55.0,53.0,50.0,86.0,72.0,58.0,29.91,29.87,29.84,10.0,10.0,10.0,39.0,22.0,51.0,0.0,3.0,270.0,0,0,0
2013-09-18,78.0,66.0,54.0,55.0,49.0,47.0,78.0,60.0,41.0,29.92,29.88,29.85,10.0,10.0,10.0,25.0,10.0,30.0,0.0,1.0,278.0,0,0,0
2013-09-19,80.0,67.0,54.0,56.0,50.0,46.0,77.0,58.0,38.0,29.87,29.82,29.76,10.0,10.0,10.0,26.0,10.0,33.0,0.0,0.0,297.0,0,0,0
2013-09-20,73.0,65.0,56.0,59.0,56.0,50.0,87.0,70.0,53.0,29.88,29.84,29.79,10.0,10.0,9.0,17.0,10.0,23.0,0.0,6.0,248.0,0,0,0
2013-09-21,68.0,63.0,58.0,59.0,56.0,53.0,90.0,75.0,59.0,29.91,29.85,29.82,10.0,9.0,2.0,24.0,12.0,28.0,0.23,6.0,218.0,0,1,0
2013-09-22,70.0,63.0,55.0,55.0,53.0,49.0,93.0,70.0,47.0,30.02,29.97,29.92,10.0,10.0,10.0,29.0,10.0,35.0,0.0,1.0,292.0,0,0,0
2013-09-23,78.0,68.0,57.0,58.0,54.0,50.0,78.0,64.0,50.0,30.03,29.99,29.95,10.0,10.0,10.0,24.0,9.0,30.0,0.0,0.0,294.0,0,0,0
2013-09-24,71.0,65.0,58.0,54.0,52.0,50.0,78.0,66.0,53.0,30.01,29.97,29.93,10.0,10.0,10.0,36.0,19.0,43.0,0.0,1.0,277.0,0,0,0
2013-09-25,67.0,62.0,56.0,51.0,47.0,45.0,83.0,64.0,45.0,29.95,29.91,29.84,10.0,10.0,10.0,35.0,20.0,45.0,0.0,1.0,281.0,0,0,0
2013-09-26,71.0,62.0,53.0,46.0,43.0,38.0,72.0,53.0,33.0,29.99,29.92,29.85,10.0,10.0,10.0,24.0,11.0,29.0,0.0,0.0,281.0,0,0,0
2013-09-27,78.0,66.0,54.0,47.0,41.0,34.0,67.0,46.0,25.0,30.11,30.06,30.0,10.0,10.0,10.0,23.0,7.0,28.0,0.0,0.0,279.0,0,0,0
2013-09-28,78.0,66.0,53.0,55.0,48.0,38.0,84.0,60.0,35.0,30.1,30.06,30.02,10.0,10.0,10.0,28.0,9.0,32.0,0.0,1.0,296.0,0,0,0
2013-09-29,75.0,66.0,57.0,59.0,56.0,53.0,87.0,70.0,53.0,30.11,30.09,30.06,10.0,10.0,10.0,16.0,7.0,21.0,0.0,3.0,253.0,0,0,0
2013-09-30,73.0,66.0,59.0,60.0,57.0,43.0,87.0,69.0,51.0,30.07,30.03,29.98,10.0,10.0,10.0,22.0,10.0,26.0,0.15,4.0,264.0,0,0,0
2013-10-01,69.0,63.0,56.0,50.0,48.0,46.0,77.0,61.0,45.0,30.03,29.98,29.94,10.0,10.0,10.0,22.0,13.0,26.0,0.0,3.0,273.0,0,0,0
2013-10-02,69.0,62.0,54.0,49.0,46.0,44.0,77.0,61.0,45.0,30.02,29.98,29.94,10.0,10.0,10.0,29.0,14.0,35.0,0.0,2.0,280.0,0,0,0
2013-10-03,70.0,62.0,54.0,44.0,41.0,35.0,66.0,47.0,28.0,30.09,30.02,29.96,10.0,10.0,10.0,25.0,13.0,30.0,0.0,0.0,294.0,0,0,0
2013-10-04,76.0,69.0,61.0,51.0,42.0,28.0,53.0,38.0,22.0,30.1,30.05,29.98,10.0,10.0,10.0,22.0,9.0,25.0,0.0,0.0,13.0,0,0,0
2013-10-05,80.0,69.0,57.0,52.0,36.0,24.0,56.0,36.0,15.0,30.2,30.14,30.1,10.0,10.0,10.0,12.0,5.0,13.0,0.0,0.0,122.0,0,0,0
2013-10-06,83.0,70.0,56.0,52.0,44.0,27.0,66.0,40.0,13.0,30.13,30.07,30.0,10.0,10.0,10.0,14.0,5.0,15.0,0.01,4.0,345.0,0,0,0
2013-10-07,80.0,68.0,56.0,49.0,41.0,31.0,72.0,46.0,19.0,30.0,29.95,29.89,10.0,10.0,10.0,28.0,9.0,31.0,0.0,3.0,295.0,0,0,0
2013-10-08,72.0,62.0,52.0,50.0,47.0,44.0,77.0,59.0,41.0,29.92,29.84,29.74,10.0,10.0,10.0,20.0,10.0,24.0,0.0,2.0,278.0,0,0,0
2013-10-09,68.0,60.0,52.0,48.0,45.0,39.0,83.0,60.0,37.0,29.77,29.69,29.64,10.0,10.0,10.0,17.0,8.0,21.0,0.0,2.0,286.0,0,0,0
2013-10-10,70.0,62.0,53.0,52.0,47.0,43.0,77.0,61.0,45.0,30.02,29.91,29.77,10.0,10.0,10.0,13.0,5.0,15.0,0.0,1.0,302.0,0,0,0
2013-10-11,63.0,57.0,51.0,49.0,47.0,45.0,83.0,70.0,56.0,30.09,30.04,30.0,10.0,10.0,10.0,25.0,9.0,30.0,0.0,4.0,275.0,0,0,0
2013-10-12,64.0,56.0,47.0,50.0,46.0,42.0,89.0,71.0,53.0,30.02,29.98,29.91,10.0,8.0,0.0,32.0,13.0,40.0,0.0,3.0,252.0,0,0,0
2013-10-13,73.0,62.0,51.0,51.0,47.0,40.0,89.0,60.0,31.0,30.07,30.01,29.94,10.0,10.0,10.0,22.0,7.0,26.0,0.0,1.0,286.0,0,0,0
2013-10-14,77.0,64.0,51.0,50.0,41.0,36.0,71.0,49.0,27.0,30.12,30.06,30.01,10.0,10.0,10.0,18.0,5.0,24.0,0.0,0.0,272.0,0,0,0
2013-10-15,80.0,67.0,53.0,50.0,37.0,31.0,61.0,40.0,18.0,30.05,30.01,29.96,10.0,10.0,10.0,21.0,5.0,22.0,0.0,0.0,294.0,0,0,0
2013-10-16,80.0,67.0,53.0,54.0,42.0,32.0,63.0,41.0,19.0,30.09,30.05,30.0,10.0,10.0,10.0,13.0,4.0,14.0,0.0,1.0,305.0,0,0,0
2013-10-17,81.0,68.0,54.0,53.0,45.0,35.0,72.0,56.0,39.0,30.09,30.03,29.97,10.0,10.0,10.0,20.0,7.0,24.0,0.0,0.0,306.0,0,0,0
2013-10-18,68.0,60.0,51.0,52.0,48.0,46.0,83.0,66.0,48.0,30.06,30.02,29.99,10.0,10.0,10.0,23.0,10.0,25.0,0.0,1.0,294.0,0,0,0
2013-10-19,74.0,62.0,49.0,52.0,48.0,45.0,86.0,65.0,44.0,30.09,30.04,30.0,10.0,10.0,10.0,21.0,9.0,23.0,0.0,0.0,301.0,0,0,0
2013-10-20,64.0,57.0,49.0,52.0,47.0,45.0,93.0,77.0,60.0,30.03,29.99,29.92,10.0,8.0,0.0,22.0,11.0,26.0,0.0,2.0,290.0,0,0,0
2013-10-21,61.0,55.0,48.0,50.0,47.0,45.0,93.0,80.0,67.0,30.03,29.98,29.93,10.0,10.0,7.0,21.0,9.0,25.0,0.0,3.0,284.0,0,0,0
2013-10-22,64.0,56.0,47.0,51.0,48.0,46.0,100.0,82.0,64.0,30.03,29.99,29.93,10.0,5.0,0.0,21.0,10.0,25.0,0.0,5.0,281.0,0,0,0
2013-10-23,61.0,55.0,49.0,51.0,48.0,46.0,93.0,83.0,72.0,30.0,29.96,29.91,10.0,7.0,2.0,23.0,9.0,28.0,0.0,6.0,282.0,0,0,0
2013-10-24,60.0,57.0,53.0,48.0,47.0,45.0,83.0,73.0,62.0,30.12,30.05,29.99,10.0,10.0,8.0,15.0,9.0,20.0,0.0,6.0,269.0,0,0,0
2013-10-25,67.0,59.0,50.0,50.0,47.0,45.0,86.0,69.0,52.0,30.18,30.13,30.09,10.0,10.0,10.0,21.0,9.0,24.0,0.0,4.0,263.0,0,0,0
2013-10-26,70.0,60.0,49.0,53.0,48.0,43.0,89.0,67.0,44.0,30.15,30.09,30.02,10.0,10.0,10.0,22.0,9.0,25.0,0.0,1.0,292.0,0,0,0
2013-10-27,60.0,55.0,50.0,49.0,47.0,45.0,89.0,76.0,62.0,30.04,29.9,29.69,10.0,10.0,10.0,43.0,18.0,51.0,0.15,6.0,267.0,0,1,0
2013-10-28,61.0,57.0,52.0,48.0,46.0,44.0,83.0,69.0,55.0,29.86,29.75,29.69,10.0,10.0,10.0,36.0,15.0,43.0,0.0,5.0,263.0,0,0,0
2013-10-29,63.0,58.0,52.0,48.0,45.0,42.0,83.0,66.0,48.0,30.06,29.97,29.87,10.0,10.0,10.0,17.0,7.0,21.0,0.0,4.0,256.0,0,0,0
2013-10-30,65.0,57.0,48.0,50.0,45.0,42.0,83.0,66.0,48.0,30.16,30.11,30.07,10.0,10.0,10.0,18.0,7.0,22.0,0.0,2.0,286.0,0,0,0
2013-10-31,70.0,59.0,48.0,51.0,43.0,38.0,71.0,54.0,37.0,30.19,30.13,30.08,10.0,10.0,10.0,14.0,4.0,24.0,0.0,0.0,300.0,0,0,0
2013-11-01,74.0,63.0,51.0,53.0,45.0,41.0,77.0,57.0,37.0,30.14,30.08,30.01,10.0,10.0,10.0,15.0,4.0,18.0,0.0,0.0,315.0,0,0,0
2013-11-02,63.0,57.0,50.0,51.0,47.0,41.0,89.0,73.0,56.0,30.03,29.99,29.93,10.0,9.0,2.0,28.0,13.0,33.0,0.0,3.0,284.0,0,0,0
2013-11-03,63.0,55.0,47.0,45.0,41.0,34.0,77.0,56.0,34.0,30.06,29.99,29.94,10.0,10.0,10.0,22.0,9.0,24.0,0.0,4.0,277.0,0,0,0
2013-11-04,67.0,56.0,44.0,43.0,39.0,32.0,80.0,56.0,31.0,30.07,30.0,29.94,10.0,10.0,10.0,23.0,9.0,28.0,0.0,0.0,286.0,0,0,0
2013-11-05,71.0,61.0,50.0,45.0,38.0,29.0,66.0,44.0,22.0,30.22,30.16,30.08,10.0,10.0,10.0,15.0,4.0,17.0,0.0,1.0,279.0,0,0,0
2013-11-06,70.0,61.0,51.0,49.0,42.0,36.0,72.0,52.0,31.0,30.26,30.21,30.16,10.0,10.0,9.0,5.0,0.0,6.0,0.0,5.0,68.0,0,0,0
2013-11-07,71.0,64.0,56.0,51.0,46.0,40.0,80.0,61.0,42.0,30.18,30.13,30.09,10.0,10.0,9.0,22.0,8.0,26.0,0.0,4.0,284.0,0,0,0
2013-11-08,70.0,60.0,50.0,53.0,48.0,40.0,100.0,72.0,43.0,30.1,30.05,29.98,10.0,7.0,0.0,24.0,8.0,26.0,0.0,2.0,269.0,0,0,0
2013-11-09,66.0,57.0,48.0,53.0,47.0,40.0,80.0,64.0,48.0,30.05,30.01,29.97,10.0,10.0,9.0,12.0,3.0,14.0,0.0,1.0,334.0,0,0,0
2013-11-10,64.0,58.0,51.0,51.0,48.0,45.0,83.0,72.0,60.0,30.13,30.09,30.04,10.0,10.0,9.0,13.0,5.0,16.0,0.0,3.0,269.0,0,0,0
2013-11-11,62.0,58.0,54.0,51.0,49.0,46.0,83.0,72.0,60.0,30.17,30.13,30.09,10.0,9.0,6.0,12.0,5.0,15.0,0.0,7.0,76.0,0,0,0
2013-11-12,70.0,64.0,57.0,53.0,50.0,46.0,77.0,62.0,47.0,30.27,30.23,30.17,10.0,10.0,10.0,18.0,7.0,22.0,0.15,4.0,312.0,0,0,0
2013-11-13,68.0,60.0,52.0,55.0,51.0,47.0,93.0,77.0,60.0,30.25,30.18,30.12,10.0,10.0,9.0,23.0,8.0,26.0,0.0,3.0,303.0,0,0,0
2013-11-14,61.0,56.0,51.0,52.0,49.0,45.0,96.0,84.0,71.0,30.13,30.03,29.9,10.0,10.0,8.0,29.0,13.0,37.0,0.0,5.0,266.0,0,0,0
2013-11-15,65.0,58.0,50.0,46.0,44.0,41.0,83.0,66.0,48.0,29.89,29.82,29.76,10.0,10.0,10.0,35.0,12.0,40.0,0.0,1.0,268.0,0,0,0
2013-11-16,62.0,56.0,49.0,50.0,46.0,42.0,83.0,67.0,51.0,29.94,29.86,29.79,10.0,10.0,10.0,26.0,14.0,35.0,0.0,2.0,273.0,0,0,0
2013-11-17,63.0,56.0,49.0,49.0,45.0,42.0,89.0,69.0,48.0,30.1,30.03,29.94,10.0,10.0,10.0,13.0,6.0,16.0,0.0,4.0,245.0,0,0,0
2013-11-18,60.0,53.0,46.0,46.0,44.0,40.0,82.0,69.0,55.0,30.16,30.12,30.1,10.0,10.0,10.0,15.0,5.0,18.0,0.0,5.0,199.0,0,0,0
2013-11-19,61.0,58.0,54.0,55.0,50.0,45.0,93.0,80.0,66.0,30.1,30.03,29.95,10.0,9.0,6.0,14.0,7.0,16.0,0.28,7.0,131.0,0,1,0
2013-11-20,59.0,55.0,51.0,56.0,53.0,47.0,93.0,90.0,86.0,29.94,29.9,29.85,10.0,9.0,4.0,22.0,7.0,24.0,0.63,7.0,239.0,0,1,0
2013-11-21,62.0,56.0,50.0,49.0,42.0,32.0,93.0,64.0,35.0,29.99,29.94,29.91,10.0,10.0,9.0,32.0,11.0,39.0,0.15,5.0,349.0,0,1,0
2013-11-22,69.0,63.0,57.0,39.0,32.0,25.0,40.0,30.0,19.0,30.03,29.97,29.91,10.0,10.0,10.0,26.0,14.0,32.0,0.0,1.0,47.0,0,0,0
2013-11-23,65.0,58.0,50.0,45.0,38.0,31.0,71.0,50.0,28.0,30.11,30.04,29.97,10.0,10.0,10.0,22.0,5.0,32.0,0.0,0.0,79.0,0,0,0
2013-11-24,60.0,53.0,45.0,49.0,43.0,39.0,86.0,70.0,53.0,30.26,30.19,30.12,10.0,10.0,10.0,9.0,3.0,10.0,0.0,0.0,319.0,0,0,0
2013-11-25,61.0,53.0,44.0,46.0,43.0,38.0,86.0,70.0,53.0,30.33,30.28,30.25,10.0,10.0,9.0,7.0,2.0,10.0,0.0,1.0,180.0,0,0,0
2013-11-26,62.0,55.0,47.0,47.0,44.0,39.0,86.0,65.0,43.0,30.27,30.16,30.04,10.0,9.0,6.0,7.0,2.0,8.0,0.0,5.0,100.0,0,0,0
2013-11-27,62.0,55.0,48.0,49.0,45.0,41.0,86.0,69.0,52.0,30.03,29.92,29.85,10.0,9.0,7.0,7.0,1.0,7.0,0.0,5.0,137.0,0,0,0
2013-11-28,66.0,58.0,49.0,51.0,44.0,37.0,83.0,64.0,44.0,30.08,29.96,29.88,10.0,9.0,7.0,16.0,4.0,18.0,0.0,3.0,280.0,0,0,0
2013-11-29,62.0,54.0,46.0,51.0,45.0,38.0,77.0,70.0,63.0,30.22,30.15,30.09,10.0,10.0,9.0,24.0,3.0,28.0,0.0,0.0,316.0,0,0,0
2013-11-30,63.0,54.0,45.0,51.0,47.0,41.0,93.0,79.0,65.0,30.28,30.25,30.19,10.0,6.0,0.0,15.0,4.0,20.0,0.0,3.0,303.0,0,0,0
2013-12-01,67.0,57.0,46.0,50.0,46.0,41.0,86.0,66.0,46.0,30.35,30.27,30.22,10.0,10.0,9.0,14.0,4.0,16.0,0.0,1.0,308.0,0,0,0
2013-12-02,62.0,54.0,46.0,54.0,49.0,44.0,96.0,80.0,64.0,30.22,30.1,29.99,10.0,8.0,0.0,33.0,14.0,38.0,0.15,5.0,277.0,1,0,0
2013-12-03,56.0,51.0,46.0,54.0,38.0,25.0,93.0,69.0,45.0,29.98,29.92,29.87,10.0,10.0,4.0,24.0,14.0,31.0,0.0,4.0,285.0,0,0,0
2013-12-04,52.0,46.0,39.0,31.0,26.0,21.0,62.0,46.0,30.0,30.09,30.04,29.96,10.0,10.0,10.0,14.0,5.0,16.0,0.0,0.0,309.0,0,0,0
2013-12-05,51.0,43.0,35.0,31.0,24.0,18.0,64.0,45.0,26.0,30.18,30.14,30.09,10.0,10.0,10.0,12.0,4.0,14.0,0.0,0.0,196.0,0,0,0
2013-12-06,53.0,45.0,37.0,48.0,37.0,31.0,80.0,65.0,50.0,30.19,30.1,29.94,10.0,10.0,6.0,30.0,9.0,43.0,0.29,6.0,180.0,0,1,0
2013-12-07,52.0,45.0,38.0,48.0,32.0,24.0,89.0,63.0,36.0,30.25,30.09,29.94,10.0,10.0,3.0,29.0,13.0,36.0,0.06,3.0,293.0,0,1,0
2013-12-08,47.0,42.0,36.0,31.0,24.0,17.0,70.0,53.0,36.0,30.33,30.28,30.24,10.0,10.0,10.0,22.0,10.0,24.0,0.0,2.0,64.0,0,0,0
2013-12-09,52.0,44.0,36.0,31.0,23.0,18.0,70.0,49.0,28.0,30.43,30.37,30.32,10.0,10.0,10.0,20.0,8.0,23.0,0.0,0.0,113.0,0,0,0
2013-12-10,52.0,43.0,34.0,35.0,30.0,27.0,70.0,56.0,42.0,30.4,30.3,30.22,10.0,10.0,10.0,10.0,3.0,13.0,0.0,2.0,138.0,0,0,0
2013-12-11,57.0,48.0,38.0,36.0,32.0,27.0,85.0,60.0,35.0,30.25,30.21,30.18,10.0,10.0,10.0,14.0,3.0,16.0,0.0,1.0,130.0,0,0,0
2013-12-12,54.0,46.0,38.0,44.0,35.0,29.0,86.0,67.0,48.0,30.27,30.23,30.18,10.0,10.0,7.0,16.0,4.0,20.0,0.0,1.0,278.0,0,0,0
2013-12-13,53.0,47.0,40.0,45.0,41.0,38.0,89.0,76.0,63.0,30.34,30.28,30.25,10.0,9.0,7.0,12.0,4.0,14.0,0.0,2.0,353.0,0,0,0
2013-12-14,61.0,50.0,39.0,42.0,37.0,33.0,85.0,61.0,36.0,30.4,30.35,30.32,10.0,10.0,8.0,9.0,2.0,10.0,0.0,1.0,263.0,0,0,0
2013-12-15,60.0,50.0,40.0,44.0,38.0,34.0,76.0,60.0,43.0,30.36,30.3,30.24,10.0,9.0,7.0,10.0,2.0,12.0,0.0,3.0,102.0,0,0,0
2013-12-16,65.0,54.0,43.0,44.0,37.0,33.0,77.0,54.0,31.0,30.23,30.18,30.13,10.0,10.0,10.0,10.0,2.0,13.0,0.0,5.0,113.0,0,0,0
2013-12-17,59.0,53.0,46.0,46.0,41.0,36.0,77.0,60.0,43.0,30.18,30.11,30.04,9.0,6.0,5.0,7.0,3.0,8.0,0.0,6.0,96.0,0,0,0
2013-12-18,57.0,51.0,44.0,46.0,43.0,38.0,77.0,72.0,66.0,30.03,29.91,29.8,10.0,9.0,6.0,35.0,12.0,40.0,0.0,6.0,274.0,0,0,0
2013-12-19,59.0,53.0,47.0,43.0,36.0,23.0,77.0,52.0,27.0,29.94,29.83,29.74,10.0,10.0,10.0,36.0,12.0,43.0,0.0,2.0,306.0,0,0,0
2013-12-20,60.0,50.0,40.0,43.0,32.0,21.0,71.0,50.0,29.0,30.02,29.98,29.94,10.0,10.0,10.0,15.0,5.0,18.0,0.0,1.0,257.0,0,0,0
2013-12-21,60.0,54.0,47.0,47.0,45.0,43.0,86.0,74.0,62.0,30.09,30.03,29.98,10.0,10.0,10.0,17.0,7.0,21.0,0.0,1.0,288.0,0,0,0
2013-12-22,65.0,54.0,43.0,47.0,42.0,37.0,89.0,64.0,39.0,30.29,30.21,30.1,10.0,10.0,10.0,9.0,1.0,10.0,0.0,1.0,337.0,0,0,0
2013-12-23,60.0,52.0,44.0,45.0,40.0,37.0,80.0,64.0,47.0,30.4,30.35,30.3,10.0,9.0,7.0,8.0,1.0,9.0,0.0,1.0,32.0,0,0,0
2013-12-24,59.0,52.0,45.0,47.0,41.0,38.0,76.0,64.0,51.0,30.34,30.27,30.21,10.0,9.0,7.0,8.0,2.0,24.0,0.0,2.0,308.0,0,0,0
2013-12-25,63.0,53.0,42.0,44.0,40.0,36.0,76.0,60.0,43.0,30.29,30.25,30.2,10.0,10.0,9.0,6.0,1.0,8.0,0.0,0.0,218.0,0,0,0
2013-12-26,62.0,53.0,43.0,46.0,41.0,38.0,83.0,63.0,43.0,30.26,30.22,30.17,10.0,9.0,7.0,7.0,1.0,8.0,0.0,0.0,24.0,0,0,0
2013-12-27,57.0,50.0,43.0,45.0,41.0,37.0,76.0,64.0,51.0,30.24,30.19,30.13,10.0,10.0,8.0,8.0,2.0,9.0,0.0,4.0,60.0,0,0,0
2013-12-28,63.0,52.0,40.0,45.0,38.0,29.0,85.0,59.0,32.0,30.16,30.1,30.04,10.0,10.0,9.0,10.0,2.0,13.0,0.0,0.0,262.0,0,0,0
2013-12-29,68.0,55.0,42.0,37.0,29.0,16.0,71.0,43.0,14.0,30.18,30.13,30.1,10.0,10.0,10.0,13.0,3.0,26.0,0.0,0.0,129.0,0,0,0
2013-12-30,59.0,51.0,42.0,46.0,40.0,33.0,86.0,65.0,43.0,30.26,30.22,30.18,10.0,10.0,9.0,13.0,3.0,15.0,0.0,3.0,312.0,0,0,0
2013-12-31,59.0,50.0,41.0,45.0,40.0,35.0,93.0,73.0,53.0,30.28,30.22,30.17,10.0,7.0,0.0,13.0,3.0,15.0,0.0,3.0,278.0,0,0,0
2014-01-01,56.0,49.0,41.0,45.0,40.0,36.0,83.0,69.0,55.0,30.22,30.17,30.13,10.0,9.0,7.0,9.0,1.0,10.0,0.0,3.0,290.0,0,0,0
2014-01-02,62.0,53.0,43.0,45.0,39.0,34.0,80.0,58.0,36.0,30.18,30.11,30.06,10.0,10.0,10.0,6.0,1.0,6.0,0.0,3.0,146.0,0,0,0
2014-01-03,64.0,54.0,44.0,46.0,41.0,34.0,80.0,59.0,37.0,30.08,30.02,29.96,10.0,10.0,9.0,14.0,4.0,16.0,0.0,3.0,297.0,0,0,0
2014-01-04,66.0,55.0,43.0,46.0,42.0,33.0,93.0,65.0,36.0,30.09,30.02,29.99,10.0,6.0,0.0,15.0,2.0,18.0,0.0,2.0,266.0,0,0,0
2014-01-05,66.0,55.0,44.0,38.0,32.0,27.0,65.0,45.0,24.0,30.21,30.16,30.09,10.0,10.0,10.0,14.0,5.0,15.0,0.0,0.0,125.0,0,0,0
2014-01-06,60.0,52.0,44.0,45.0,40.0,32.0,71.0,61.0,51.0,30.28,30.21,30.17,10.0,10.0,7.0,9.0,2.0,10.0,0.0,5.0,75.0,0,0,0
2014-01-07,61.0,54.0,46.0,52.0,45.0,39.0,86.0,70.0,53.0,30.22,30.18,30.14,10.0,9.0,7.0,15.0,4.0,17.0,0.15,5.0,304.0,0,1,0
2014-01-08,59.0,56.0,52.0,51.0,48.0,46.0,86.0,79.0,72.0,30.24,30.2,30.16,10.0,9.0,3.0,20.0,9.0,24.0,0.01,7.0,281.0,0,0,0
2014-01-09,60.0,56.0,52.0,50.0,47.0,43.0,89.0,73.0,57.0,30.27,30.23,30.2,10.0,10.0,5.0,25.0,12.0,31.0,0.15,5.0,287.0,0,0,0
2014-01-10,60.0,54.0,48.0,48.0,46.0,43.0,89.0,75.0,60.0,30.31,30.25,30.19,10.0,9.0,6.0,15.0,6.0,17.0,0.0,4.0,310.0,0,0,0
2014-01-11,58.0,52.0,46.0,51.0,46.0,42.0,93.0,83.0,72.0,30.3,30.23,30.16,10.0,10.0,6.0,18.0,6.0,22.0,0.15,4.0,281.0,0,0,0
2014-01-12,60.0,53.0,46.0,47.0,42.0,36.0,93.0,70.0,47.0,30.4,30.33,30.27,10.0,10.0,7.0,17.0,7.0,20.0,0.0,2.0,313.0,0,0,0
2014-01-13,67.0,55.0,42.0,44.0,37.0,32.0,71.0,50.0,28.0,30.47,30.4,30.35,10.0,10.0,10.0,18.0,3.0,22.0,0.0,1.0,88.0,0,0,0
2014-01-14,72.0,58.0,44.0,42.0,37.0,26.0,71.0,45.0,19.0,30.45,30.38,30.32,10.0,10.0,10.0,12.0,2.0,15.0,0.0,0.0,134.0,0,0,0
2014-01-15,73.0,61.0,48.0,40.0,34.0,25.0,71.0,44.0,17.0,30.35,30.27,30.2,10.0,10.0,10.0,10.0,3.0,13.0,0.0,0.0,131.0,0,0,0
2014-01-16,73.0,60.0,46.0,44.0,35.0,27.0,71.0,45.0,19.0,30.24,30.18,30.13,10.0,10.0,10.0,8.0,2.0,10.0,0.0,0.0,125.0,0,0,0
2014-01-17,67.0,56.0,45.0,45.0,39.0,35.0,71.0,53.0,34.0,30.2,30.15,30.11,10.0,9.0,5.0,5.0,1.0,7.0,0.0,0.0,128.0,0,0,0
2014-01-18,67.0,55.0,43.0,47.0,39.0,32.0,77.0,57.0,36.0,30.18,30.11,30.06,10.0,9.0,7.0,7.0,1.0,12.0,0.0,0.0,128.0,0,0,0
2014-01-19,67.0,55.0,43.0,44.0,38.0,34.0,76.0,54.0,32.0,30.14,30.1,30.06,10.0,10.0,8.0,7.0,2.0,7.0,0.0,1.0,110.0,0,0,0
2014-01-20,66.0,55.0,43.0,48.0,41.0,34.0,76.0,60.0,43.0,30.23,30.17,30.12,10.0,9.0,7.0,9.0,2.0,9.0,0.0,1.0,354.0,0,0,0
2014-01-21,68.0,56.0,43.0,44.0,37.0,25.0,76.0,48.0,20.0,30.27,30.21,30.16,10.0,10.0,10.0,12.0,2.0,13.0,0.0,3.0,258.0,0,0,0
2014-01-22,65.0,55.0,44.0,47.0,41.0,31.0,77.0,64.0,51.0,30.17,30.05,29.93,10.0,10.0,10.0,18.0,5.0,22.0,0.0,1.0,304.0,0,0,0
2014-01-23,69.0,57.0,44.0,47.0,38.0,27.0,80.0,51.0,21.0,30.02,29.93,29.88,10.0,9.0,7.0,17.0,5.0,21.0,0.0,0.0,61.0,0,0,0
2014-01-24,64.0,55.0,46.0,47.0,41.0,32.0,80.0,56.0,32.0,30.28,30.16,30.03,10.0,8.0,4.0,9.0,3.0,9.0,0.0,3.0,5.0,0,0,0
2014-01-25,65.0,57.0,48.0,48.0,43.0,34.0,83.0,60.0,37.0,30.27,30.19,30.13,10.0,9.0,7.0,12.0,2.0,13.0,0.0,2.0,281.0,0,0,0
2014-01-26,66.0,57.0,48.0,48.0,43.0,33.0,83.0,65.0,46.0,30.14,30.09,30.03,10.0,10.0,9.0,21.0,6.0,24.0,0.0,3.0,317.0,0,0,0
2014-01-27,59.0,54.0,48.0,48.0,46.0,43.0,83.0,73.0,62.0,30.21,30.15,30.08,10.0,10.0,7.0,18.0,6.0,20.0,0.0,6.0,301.0,0,0,0
2014-01-28,65.0,59.0,53.0,57.0,53.0,47.0,90.0,81.0,72.0,30.27,30.22,30.2,10.0,10.0,2.0,17.0,5.0,21.0,0.0,7.0,290.0,0,0,0
2014-01-29,63.0,59.0,54.0,57.0,54.0,50.0,93.0,89.0,84.0,30.2,30.11,30.0,10.0,10.0,7.0,20.0,8.0,22.0,0.15,8.0,282.0,0,1,0
2014-01-30,58.0,55.0,52.0,51.0,48.0,46.0,93.0,80.0,67.0,29.98,29.91,29.88,10.0,10.0,9.0,30.0,14.0,38.0,0.15,6.0,267.0,0,1,0
2014-01-31,60.0,54.0,47.0,46.0,42.0,36.0,86.0,63.0,39.0,30.09,30.04,29.92,10.0,10.0,9.0,32.0,12.0,38.0,0.0,1.0,285.0,0,0,0
2014-02-01,59.0,51.0,42.0,43.0,39.0,36.0,82.0,63.0,43.0,30.17,30.12,30.08,10.0,10.0,10.0,20.0,6.0,23.0,0.0,1.0,270.0,0,0,0
2014-02-02,58.0,53.0,47.0,44.0,42.0,36.0,86.0,74.0,61.0,30.04,29.92,29.85,10.0,8.0,4.0,29.0,12.0,33.0,0.85,7.0,111.0,0,1,0
2014-02-03,56.0,51.0,46.0,43.0,41.0,39.0,82.0,69.0,55.0,30.09,30.04,29.99,10.0,10.0,10.0,25.0,11.0,32.0,0.0,3.0,306.0,0,0,0
2014-02-04,55.0,50.0,44.0,44.0,40.0,36.0,83.0,67.0,50.0,30.17,30.12,30.09,10.0,10.0,10.0,21.0,7.0,23.0,0.0,4.0,288.0,0,0,0
2014-02-05,55.0,49.0,43.0,46.0,42.0,38.0,86.0,73.0,59.0,30.21,30.15,30.06,10.0,10.0,10.0,17.0,7.0,24.0,0.09,6.0,255.0,0,1,0
2014-02-06,52.0,50.0,48.0,52.0,48.0,42.0,100.0,90.0,80.0,30.05,29.96,29.91,10.0,8.0,2.0,20.0,7.0,23.0,0.64,8.0,100.0,0,1,0
2014-02-07,56.0,54.0,51.0,54.0,51.0,49.0,100.0,92.0,83.0,30.08,30.04,30.0,10.0,9.0,3.0,31.0,11.0,40.0,0.23,8.0,152.0,0,1,0
2014-02-08,59.0,56.0,53.0,58.0,55.0,49.0,100.0,92.0,83.0,30.15,30.1,30.06,10.0,5.0,2.0,28.0,13.0,37.0,0.42,8.0,164.0,0,1,0
2014-02-09,59.0,57.0,55.0,58.0,56.0,52.0,100.0,92.0,83.0,30.16,30.12,30.06,10.0,6.0,2.0,21.0,9.0,26.0,0.35,8.0,174.0,0,1,0
2014-02-10,57.0,54.0,51.0,54.0,52.0,50.0,100.0,93.0,86.0,30.29,30.23,30.14,10.0,9.0,2.0,17.0,10.0,20.0,0.15,7.0,274.0,0,1,0
2014-02-11,56.0,53.0,49.0,51.0,49.0,48.0,100.0,92.0,83.0,30.26,30.22,30.18,10.0,10.0,7.0,22.0,9.0,26.0,0.0,6.0,287.0,0,0,0
2014-02-12,56.0,51.0,46.0,51.0,48.0,45.0,100.0,92.0,83.0,30.29,30.24,30.2,10.0,7.0,0.0,18.0,6.0,22.0,0.0,6.0,278.0,0,0,0
2014-02-13,67.0,59.0,50.0,57.0,53.0,50.0,100.0,87.0,73.0,30.23,30.17,30.11,10.0,6.0,0.0,15.0,8.0,20.0,0.0,6.0,288.0,0,0,0
2014-02-14,66.0,61.0,56.0,55.0,54.0,50.0,100.0,80.0,60.0,30.18,30.13,30.06,10.0,8.0,2.0,14.0,5.0,16.0,0.0,7.0,293.0,0,0,0
2014-02-15,62.0,57.0,52.0,55.0,52.0,49.0,93.0,83.0,72.0,30.05,30.02,30.0,10.0,10.0,7.0,17.0,5.0,21.0,0.15,7.0,174.0,0,1,0
2014-02-16,63.0,57.0,50.0,54.0,47.0,40.0,93.0,68.0,43.0,30.21,30.14,30.06,10.0,10.0,6.0,20.0,8.0,23.0,0.01,3.0,292.0,0,0,0
2014-02-17,61.0,54.0,46.0,49.0,45.0,42.0,86.0,69.0,51.0,30.19,30.16,30.11,10.0,10.0,10.0,21.0,10.0,25.0,0.0,3.0,280.0,0,0,0
2014-02-18,62.0,55.0,48.0,53.0,49.0,45.0,93.0,80.0,67.0,30.2,30.15,30.12,10.0,10.0,5.0,22.0,8.0,25.0,0.0,5.0,272.0,0,0,0
2014-02-19,62.0,57.0,51.0,54.0,48.0,43.0,93.0,72.0,51.0,30.22,30.16,30.12,10.0,10.0,10.0,23.0,14.0,26.0,0.01,4.0,276.0,0,0,0
2014-02-20,67.0,56.0,45.0,47.0,44.0,41.0,86.0,65.0,43.0,30.22,30.17,30.12,10.0,10.0,9.0,18.0,6.0,22.0,0.0,4.0,277.0,0,0,0
2014-02-21,69.0,58.0,47.0,51.0,46.0,40.0,86.0,61.0,35.0,30.12,30.06,30.0,10.0,10.0,10.0,22.0,7.0,26.0,0.0,1.0,282.0,0,0,0
2014-02-22,66.0,56.0,46.0,52.0,48.0,43.0,93.0,78.0,63.0,30.03,29.99,29.94,10.0,10.0,10.0,23.0,9.0,28.0,0.0,2.0,286.0,0,0,0
2014-02-23,63.0,55.0,46.0,52.0,47.0,44.0,93.0,81.0,69.0,30.04,30.0,29.96,10.0,9.0,6.0,23.0,8.0,26.0,0.0,3.0,268.0,0,0,0
2014-02-24,71.0,58.0,45.0,53.0,47.0,41.0,89.0,65.0,40.0,30.01,29.96,29.91,10.0,10.0,10.0,17.0,6.0,21.0,0.0,1.0,302.0,0,0,0
2014-02-25,62.0,55.0,48.0,53.0,48.0,45.0,89.0,78.0,67.0,29.99,29.95,29.92,10.0,9.0,7.0,20.0,6.0,23.0,0.0,6.0,215.0,0,0,0
2014-02-26,60.0,57.0,54.0,56.0,52.0,47.0,93.0,80.0,67.0,29.96,29.84,29.69,10.0,9.0,4.0,31.0,15.0,39.0,0.43,8.0,147.0,0,1,0
2014-02-27,62.0,58.0,55.0,52.0,51.0,51.0,89.0,81.0,67.0,29.91,29.85,29.78,10.0,10.0,8.0,17.0,15.0,35.0,0.22,8.0,205.0,0,1,0
2014-02-28,63.0,59.0,55.0,54.0,50.0,43.0,86.0,65.0,43.0,29.5,29.43,29.39,10.0,8.0,1.0,26.0,13.0,33.0,0.74,8.0,208.0,0,1,0
2014-03-01,69.0,62.0,54.0,54.0,48.0,44.0,78.0,63.0,48.0,29.82,29.63,29.47,10.0,10.0,10.0,17.0,10.0,25.0,0.03,7.0,108.0,0,1,0
2014-03-02,61.0,57.0,53.0,55.0,51.0,47.0,83.0,75.0,67.0,30.17,30.01,29.83,10.0,9.0,2.0,20.0,9.0,26.0,0.02,6.0,181.0,0,1,0
2014-03-03,61.0,56.0,50.0,52.0,49.0,47.0,89.0,77.0,64.0,30.15,30.11,30.04,10.0,10.0,9.0,18.0,6.0,28.0,0.1,7.0,135.0,0,1,0
2014-03-04,66.0,61.0,55.0,54.0,52.0,49.0,86.0,77.0,67.0,30.12,30.09,30.06,10.0,10.0,7.0,17.0,5.0,24.0,0.15,7.0,16.0,0,1,0
2014-03-05,66.0,60.0,54.0,58.0,54.0,48.0,93.0,73.0,52.0,30.11,30.06,29.99,10.0,8.0,2.0,20.0,6.0,23.0,0.26,8.0,211.0,0,1,0
2014-03-06,65.0,58.0,51.0,57.0,53.0,48.0,93.0,80.0,67.0,30.2,30.13,30.06,10.0,9.0,4.0,15.0,8.0,20.0,0.01,6.0,258.0,0,1,0
2014-03-07,66.0,57.0,48.0,50.0,47.0,43.0,89.0,67.0,44.0,30.19,30.15,30.11,10.0,10.0,9.0,14.0,6.0,24.0,0.0,2.0,296.0,0,0,0
2014-03-08,72.0,59.0,46.0,51.0,48.0,39.0,93.0,63.0,33.0,30.21,30.16,30.12,10.0,10.0,10.0,17.0,4.0,48.0,0.0,5.0,285.0,0,0,0
2014-03-09,71.0,63.0,55.0,54.0,51.0,48.0,80.0,69.0,57.0,30.17,30.13,30.07,10.0,10.0,10.0,13.0,6.0,18.0,0.15,7.0,291.0,0,1,0
2014-03-10,68.0,62.0,56.0,55.0,48.0,43.0,86.0,66.0,45.0,30.24,30.17,30.11,10.0,10.0,9.0,20.0,8.0,22.0,0.15,5.0,307.0,0,1,0
2014-03-11,74.0,61.0,47.0,40.0,31.0,25.0,61.0,40.0,19.0,30.19,30.1,30.02,10.0,10.0,10.0,30.0,11.0,37.0,0.0,1.0,6.0,0,0,0
2014-03-12,78.0,66.0,53.0,34.0,28.0,23.0,36.0,26.0,16.0,30.11,30.05,30.01,10.0,10.0,10.0,32.0,16.0,40.0,0.0,0.0,28.0,0,0,0
2014-03-13,73.0,58.0,46.0,49.0,43.0,33.0,80.0,58.0,27.0,30.08,30.03,29.99,10.0,10.0,10.0,17.0,6.0,24.0,0.0,1.0,270.0,0,0,0
2014-03-14,67.0,60.0,53.0,52.0,49.0,46.0,83.0,68.0,52.0,30.23,30.15,30.08,10.0,10.0,10.0,13.0,7.0,21.0,0.0,4.0,248.0,0,0,0
2014-03-15,77.0,62.0,47.0,52.0,48.0,41.0,93.0,63.0,33.0,30.31,30.27,30.23,10.0,10.0,10.0,14.0,6.0,16.0,0.0,0.0,293.0,0,0,0
2014-03-16,72.0,60.0,48.0,52.0,48.0,46.0,89.0,68.0,47.0,30.32,30.27,30.21,10.0,10.0,10.0,21.0,8.0,23.0,0.0,3.0,292.0,0,0,0
2014-03-17,69.0,59.0,49.0,49.0,46.0,43.0,77.0,60.0,42.0,30.24,30.11,29.99,10.0,10.0,10.0,22.0,11.0,29.0,0.15,3.0,291.0,0,0,0
2014-03-18,70.0,57.0,43.0,45.0,39.0,31.0,86.0,55.0,24.0,29.99,29.95,29.91,10.0,10.0,10.0,17.0,5.0,22.0,0.0,1.0,290.0,0,0,0
2014-03-19,73.0,59.0,45.0,48.0,40.0,34.0,77.0,52.0,27.0,30.09,30.04,29.98,10.0,10.0,10.0,14.0,6.0,26.0,0.0,2.0,316.0,0,0,0
2014-03-20,70.0,60.0,50.0,51.0,45.0,41.0,77.0,61.0,44.0,30.06,30.02,29.96,10.0,10.0,10.0,18.0,8.0,24.0,0.0,5.0,292.0,0,0,0
2014-03-21,63.0,56.0,48.0,47.0,45.0,44.0,86.0,69.0,52.0,30.01,29.98,29.96,10.0,10.0,9.0,20.0,8.0,37.0,0.0,3.0,263.0,0,0,0
2014-03-22,65.0,58.0,51.0,47.0,45.0,43.0,83.0,64.0,44.0,30.13,30.06,30.0,10.0,10.0,10.0,16.0,8.0,23.0,0.0,3.0,246.0,0,0,0
2014-03-23,65.0,57.0,48.0,48.0,46.0,44.0,83.0,68.0,52.0,30.19,30.14,30.1,10.0,10.0,10.0,15.0,7.0,20.0,0.0,3.0,280.0,0,0,0
2014-03-24,72.0,59.0,46.0,50.0,46.0,38.0,86.0,58.0,29.0,30.17,30.1,30.03,10.0,10.0,6.0,18.0,6.0,29.0,0.0,1.0,328.0,0,0,0
2014-03-25,63.0,54.0,45.0,55.0,49.0,42.0,87.0,75.0,62.0,30.06,29.97,29.88,10.0,9.0,2.0,18.0,8.0,29.0,0.15,5.0,253.0,0,1,0
2014-03-26,62.0,58.0,53.0,51.0,48.0,47.0,89.0,77.0,64.0,29.99,29.87,29.82,10.0,8.0,1.0,23.0,12.0,35.0,0.63,7.0,235.0,0,1,0
2014-03-27,65.0,61.0,56.0,48.0,46.0,43.0,77.0,61.0,44.0,30.14,30.07,29.98,10.0,10.0,7.0,17.0,9.0,25.0,0.15,6.0,244.0,0,0,0
2014-03-28,69.0,63.0,56.0,52.0,49.0,46.0,77.0,63.0,49.0,30.21,30.16,30.12,10.0,10.0,7.0,17.0,9.0,30.0,0.01,6.0,191.0,0,1,0
2014-03-29,60.0,57.0,53.0,55.0,51.0,45.0,93.0,79.0,64.0,30.14,30.07,30.02,10.0,8.0,1.0,24.0,12.0,29.0,0.87,8.0,200.0,0,1,0
2014-03-30,61.0,56.0,50.0,46.0,44.0,41.0,77.0,64.0,51.0,30.14,30.11,30.06,10.0,10.0,10.0,17.0,10.0,21.0,0.0,4.0,277.0,0,0,0
2014-03-31,57.0,53.0,48.0,47.0,44.0,42.0,86.0,76.0,66.0,30.08,29.94,29.85,10.0,8.0,1.0,31.0,13.0,36.0,0.57,6.0,169.0,0,1,0
2014-04-01,58.0,52.0,46.0,47.0,43.0,41.0,82.0,72.0,61.0,29.95,29.89,29.85,10.0,9.0,2.0,30.0,13.0,36.0,0.69,7.0,158.0,0,1,0
2014-04-02,61.0,53.0,45.0,45.0,43.0,39.0,89.0,68.0,46.0,30.12,30.03,29.88,10.0,10.0,10.0,21.0,8.0,28.0,0.15,4.0,357.0,0,1,0
2014-04-03,62.0,54.0,46.0,46.0,44.0,42.0,86.0,69.0,51.0,30.13,30.1,30.05,10.0,10.0,10.0,16.0,8.0,20.0,0.0,5.0,211.0,0,0,0
2014-04-04,61.0,56.0,50.0,49.0,46.0,43.0,86.0,71.0,55.0,30.06,30.02,29.99,10.0,9.0,4.0,22.0,8.0,28.0,0.32,6.0,292.0,0,1,0
2014-04-05,65.0,56.0,46.0,49.0,46.0,43.0,86.0,71.0,56.0,30.2,30.13,30.06,10.0,10.0,10.0,17.0,7.0,21.0,0.0,2.0,292.0,0,0,0
2014-04-06,72.0,61.0,49.0,54.0,50.0,45.0,93.0,71.0,49.0,30.25,30.18,30.11,10.0,10.0,10.0,16.0,5.0,29.0,0.0,2.0,275.0,0,0,0
2014-04-07,79.0,65.0,51.0,56.0,52.0,47.0,86.0,62.0,37.0,30.16,30.11,30.06,10.0,10.0,10.0,15.0,6.0,20.0,0.0,0.0,291.0,0,0,0
2014-04-08,78.0,67.0,56.0,56.0,53.0,50.0,93.0,70.0,46.0,30.12,30.07,30.03,10.0,10.0,10.0,16.0,6.0,20.0,0.0,3.0,299.0,0,0,0
2014-04-09,66.0,59.0,52.0,52.0,49.0,48.0,93.0,75.0,56.0,30.11,30.06,30.0,10.0,10.0,10.0,17.0,8.0,49.0,0.0,4.0,295.0,0,0,0
2014-04-10,74.0,63.0,51.0,54.0,50.0,47.0,89.0,71.0,53.0,30.05,29.99,29.9,10.0,10.0,8.0,18.0,7.0,26.0,0.0,5.0,302.0,0,0,0
2014-04-11,63.0,58.0,53.0,50.0,49.0,48.0,89.0,75.0,60.0,29.97,29.92,29.87,10.0,10.0,10.0,24.0,9.0,28.0,0.0,7.0,298.0,0,0,0
2014-04-12,64.0,59.0,54.0,48.0,47.0,45.0,77.0,69.0,60.0,29.96,29.92,29.88,10.0,10.0,10.0,21.0,11.0,28.0,0.0,5.0,262.0,0,0,0
2014-04-13,69.0,61.0,53.0,51.0,48.0,45.0,83.0,69.0,55.0,30.06,30.01,29.96,10.0,10.0,8.0,22.0,9.0,25.0,0.0,4.0,262.0,0,0,0
2014-04-14,68.0,59.0,50.0,52.0,49.0,48.0,89.0,73.0,56.0,30.13,30.07,30.03,10.0,9.0,6.0,21.0,8.0,23.0,0.0,5.0,283.0,0,0,0
2014-04-15,66.0,59.0,52.0,49.0,48.0,46.0,83.0,70.0,56.0,30.08,30.0,29.92,10.0,10.0,7.0,18.0,8.0,30.0,0.0,4.0,275.0,0,0,0
2014-04-16,73.0,62.0,50.0,50.0,49.0,45.0,83.0,64.0,44.0,29.93,29.89,29.83,10.0,9.0,7.0,18.0,8.0,24.0,0.0,2.0,257.0,0,0,0
2014-04-17,64.0,58.0,51.0,51.0,49.0,47.0,89.0,75.0,60.0,29.89,29.85,29.81,10.0,10.0,7.0,17.0,7.0,29.0,0.0,2.0,262.0,0,0,0
2014-04-18,64.0,58.0,51.0,51.0,48.0,45.0,83.0,70.0,56.0,29.97,29.92,29.88,10.0,10.0,10.0,18.0,8.0,31.0,0.0,3.0,263.0,0,0,0
2014-04-19,65.0,59.0,52.0,52.0,48.0,44.0,86.0,69.0,52.0,30.13,30.07,29.97,10.0,10.0,10.0,25.0,12.0,38.0,0.0,5.0,262.0,0,0,0
2014-04-20,76.0,63.0,50.0,52.0,48.0,44.0,86.0,60.0,33.0,30.16,30.11,30.07,10.0,10.0,10.0,21.0,6.0,36.0,0.0,3.0,269.0,0,0,0
2014-04-21,67.0,59.0,50.0,50.0,46.0,41.0,83.0,63.0,43.0,30.09,30.04,29.99,10.0,10.0,8.0,24.0,9.0,41.0,0.0,5.0,275.0,0,0,0
2014-04-22,65.0,59.0,52.0,50.0,42.0,36.0,83.0,60.0,37.0,30.14,30.06,29.98,10.0,10.0,4.0,31.0,19.0,36.0,0.15,5.0,287.0,0,1,0
2014-04-23,67.0,56.0,45.0,49.0,41.0,35.0,72.0,56.0,39.0,30.16,30.12,30.09,10.0,10.0,10.0,24.0,9.0,33.0,0.0,3.0,299.0,0,0,0
2014-04-24,66.0,59.0,51.0,54.0,51.0,47.0,86.0,71.0,56.0,30.13,30.07,30.0,10.0,10.0,6.0,21.0,9.0,36.0,0.02,5.0,268.0,0,1,0
2014-04-25,58.0,55.0,52.0,55.0,49.0,43.0,86.0,74.0,61.0,29.99,29.88,29.81,10.0,8.0,2.0,28.0,12.0,35.0,0.57,8.0,253.0,0,1,0
2014-04-26,63.0,53.0,44.0,44.0,42.0,39.0,86.0,63.0,44.0,30.1,29.99,29.87,10.0,10.0,10.0,25.0,10.0,30.0,0.0,4.0,280.0,0,0,0
2014-04-27,64.0,58.0,52.0,49.0,46.0,43.0,66.0,57.0,48.0,30.14,30.09,30.05,10.0,10.0,7.0,24.0,13.0,30.0,0.15,5.0,234.0,0,1,0
2014-04-28,71.0,59.0,47.0,49.0,46.0,43.0,93.0,67.0,40.0,30.23,30.19,30.15,10.0,10.0,8.0,20.0,7.0,28.0,0.0,1.0,287.0,0,0,0
2014-04-29,83.0,67.0,50.0,56.0,47.0,43.0,80.0,52.0,24.0,30.21,30.14,30.05,10.0,10.0,10.0,13.0,4.0,17.0,0.0,2.0,254.0,0,0,0
2014-04-30,89.0,73.0,57.0,56.0,50.0,42.0,80.0,53.0,25.0,30.09,30.05,30.0,10.0,10.0,10.0,13.0,5.0,20.0,0.0,2.0,280.0,0,0,0
2014-05-01,85.0,71.0,57.0,54.0,46.0,34.0,72.0,45.0,17.0,30.09,30.07,30.03,10.0,10.0,10.0,20.0,6.0,23.0,0.0,2.0,290.0,0,0,0
2014-05-02,72.0,63.0,53.0,56.0,52.0,50.0,93.0,71.0,49.0,30.1,30.06,30.02,10.0,10.0,10.0,21.0,8.0,28.0,0.0,5.0,282.0,0,0,0
2014-05-03,67.0,61.0,54.0,52.0,50.0,48.0,86.0,69.0,52.0,30.06,30.04,30.0,10.0,10.0,10.0,29.0,16.0,24.0,0.0,6.0,262.0,0,0,0
2014-05-04,68.0,63.0,57.0,51.0,51.0,49.0,80.0,66.0,52.0,30.07,30.04,30.02,10.0,10.0,10.0,22.0,15.0,25.0,0.0,5.0,270.0,0,0,0
2014-05-05,67.0,61.0,55.0,51.0,47.0,43.0,80.0,64.0,48.0,30.06,30.02,29.96,10.0,10.0,10.0,30.0,17.0,36.0,0.0,4.0,276.0,0,0,0
2014-05-06,69.0,61.0,52.0,49.0,45.0,41.0,72.0,58.0,44.0,29.95,29.92,29.88,10.0,10.0,10.0,25.0,11.0,32.0,0.0,1.0,275.0,0,0,0
2014-05-07,64.0,58.0,51.0,48.0,46.0,43.0,83.0,64.0,44.0,30.01,29.95,29.89,10.0,10.0,10.0,23.0,12.0,93.0,0.0,4.0,218.0,0,0,0
2014-05-08,65.0,60.0,54.0,56.0,50.0,45.0,84.0,73.0,62.0,30.1,30.06,30.01,10.0,10.0,6.0,18.0,10.0,23.0,0.15,7.0,246.0,0,1,0
2014-05-09,69.0,62.0,55.0,54.0,50.0,44.0,86.0,64.0,42.0,30.17,30.13,30.1,10.0,10.0,7.0,29.0,16.0,35.0,0.15,5.0,272.0,0,0,0
2014-05-10,70.0,61.0,51.0,46.0,44.0,38.0,72.0,53.0,34.0,30.14,30.09,30.03,10.0,10.0,10.0,26.0,12.0,30.0,0.0,2.0,289.0,0,0,0
2014-05-11,77.0,65.0,53.0,48.0,41.0,32.0,67.0,45.0,23.0,30.1,30.07,30.02,10.0,10.0,10.0,25.0,10.0,32.0,0.0,1.0,303.0,0,0,0
2014-05-12,82.0,66.0,50.0,52.0,46.0,38.0,77.0,50.0,23.0,30.12,30.08,30.04,10.0,10.0,10.0,15.0,6.0,31.0,0.0,2.0,299.0,0,0,0
2014-05-13,91.0,74.0,56.0,51.0,44.0,35.0,67.0,43.0,19.0,30.13,30.1,30.07,10.0,10.0,10.0,15.0,5.0,21.0,0.0,1.0,283.0,0,0,0
2014-05-14,90.0,75.0,59.0,53.0,46.0,38.0,67.0,43.0,18.0,30.13,30.09,30.04,10.0,10.0,10.0,15.0,6.0,17.0,0.0,2.0,291.0,0,0,0
2014-05-15,83.0,70.0,57.0,50.0,47.0,41.0,69.0,47.0,25.0,30.1,30.08,30.05,10.0,10.0,10.0,20.0,6.0,21.0,0.0,3.0,280.0,0,0,0
2014-05-16,70.0,63.0,55.0,52.0,51.0,49.0,83.0,65.0,47.0,30.1,30.06,30.0,10.0,10.0,10.0,22.0,12.0,25.0,0.0,5.0,266.0,0,0,0
2014-05-17,67.0,61.0,55.0,52.0,51.0,50.0,86.0,71.0,56.0,30.03,30.0,29.97,10.0,10.0,10.0,22.0,13.0,29.0,0.0,6.0,261.0,0,0,0
2014-05-18,70.0,63.0,56.0,54.0,50.0,46.0,80.0,64.0,47.0,30.0,29.98,29.95,10.0,10.0,10.0,29.0,16.0,33.0,0.0,3.0,276.0,0,0,0
2014-05-19,68.0,62.0,56.0,51.0,49.0,48.0,77.0,65.0,52.0,29.98,29.96,29.93,10.0,10.0,10.0,28.0,16.0,32.0,0.0,5.0,273.0,0,0,0
2014-05-20,70.0,63.0,55.0,52.0,49.0,47.0,80.0,64.0,47.0,30.01,29.98,29.94,10.0,10.0,10.0,22.0,11.0,25.0,0.0,5.0,262.0,0,0,0
2014-05-21,70.0,63.0,55.0,52.0,50.0,48.0,83.0,68.0,53.0,29.99,29.97,29.93,10.0,10.0,9.0,22.0,11.0,24.0,0.0,5.0,247.0,0,0,0
2014-05-22,69.0,62.0,54.0,52.0,50.0,48.0,89.0,72.0,55.0,30.05,29.98,29.94,10.0,10.0,10.0,18.0,11.0,22.0,0.0,6.0,275.0,0,0,0
2014-05-23,68.0,61.0,54.0,52.0,51.0,48.0,86.0,72.0,58.0,30.05,30.01,29.96,10.0,10.0,10.0,22.0,10.0,28.0,0.0,6.0,272.0,0,0,0
2014-05-24,67.0,61.0,55.0,52.0,51.0,48.0,86.0,71.0,56.0,30.02,29.99,29.95,10.0,10.0,10.0,20.0,10.0,26.0,0.0,3.0,265.0,0,0,0
2014-05-25,73.0,65.0,56.0,52.0,49.0,48.0,77.0,61.0,44.0,30.0,29.96,29.92,10.0,10.0,10.0,17.0,8.0,20.0,0.0,1.0,242.0,0,0,0
2014-05-26,73.0,62.0,51.0,54.0,51.0,47.0,89.0,71.0,53.0,30.03,30.0,29.96,10.0,10.0,9.0,20.0,8.0,23.0,0.15,0.0,258.0,0,0,0
2014-05-27,68.0,61.0,54.0,49.0,48.0,45.0,83.0,64.0,45.0,30.07,30.03,29.99,10.0,10.0,10.0,18.0,8.0,24.0,0.0,1.0,264.0,0,0,0
2014-05-28,74.0,62.0,49.0,50.0,45.0,36.0,83.0,57.0,30.0,30.07,30.02,29.96,10.0,10.0,10.0,22.0,9.0,26.0,0.0,0.0,287.0,0,0,0
2014-05-29,77.0,64.0,51.0,53.0,47.0,40.0,83.0,55.0,27.0,29.96,29.94,29.91,10.0,10.0,10.0,20.0,8.0,23.0,0.0,1.0,267.0,0,0,0
2014-05-30,64.0,59.0,53.0,49.0,48.0,47.0,83.0,70.0,56.0,29.99,29.96,29.92,10.0,10.0,9.0,20.0,12.0,24.0,0.0,6.0,262.0,0,0,0
2014-05-31,69.0,61.0,53.0,52.0,49.0,48.0,89.0,71.0,53.0,29.98,29.96,29.92,10.0,10.0,10.0,18.0,10.0,22.0,0.15,4.0,256.0,0,0,0
2014-06-01,72.0,62.0,51.0,52.0,50.0,48.0,93.0,71.0,49.0,29.94,29.89,29.81,10.0,9.0,5.0,17.0,9.0,32.0,0.0,3.0,305.0,0,0,0
2014-06-02,67.0,60.0,52.0,51.0,49.0,48.0,89.0,73.0,56.0,29.92,29.89,29.84,10.0,10.0,10.0,23.0,11.0,44.0,0.0,6.0,259.0,0,0,0
2014-06-03,67.0,60.0,52.0,50.0,49.0,48.0,83.0,68.0,52.0,29.96,29.92,29.88,10.0,10.0,10.0,20.0,11.0,24.0,0.0,4.0,278.0,0,0,0
2014-06-04,70.0,61.0,52.0,52.0,51.0,48.0,89.0,71.0,53.0,29.92,29.89,29.84,10.0,10.0,6.0,20.0,8.0,21.0,0.0,4.0,288.0,0,0,0
2014-06-05,67.0,60.0,52.0,52.0,51.0,48.0,89.0,74.0,58.0,29.88,29.85,29.81,10.0,9.0,6.0,21.0,11.0,25.0,0.0,3.0,314.0,0,0,0
2014-06-06,68.0,61.0,53.0,52.0,51.0,50.0,89.0,74.0,58.0,29.86,29.83,29.81,10.0,10.0,8.0,21.0,10.0,24.0,0.0,3.0,320.0,0,0,0
2014-06-07,70.0,63.0,56.0,53.0,51.0,50.0,86.0,71.0,55.0,29.86,29.83,29.79,10.0,9.0,7.0,18.0,8.0,23.0,0.0,3.0,297.0,0,0,0
2014-06-08,86.0,70.0,53.0,56.0,53.0,49.0,89.0,61.0,32.0,29.83,29.78,29.72,10.0,9.0,7.0,18.0,7.0,23.0,0.0,0.0,304.0,0,0,0
2014-06-09,78.0,68.0,58.0,56.0,54.0,53.0,80.0,67.0,53.0,29.76,29.73,29.7,10.0,9.0,7.0,22.0,10.0,25.0,0.0,1.0,305.0,0,0,0
2014-06-10,68.0,63.0,57.0,55.0,54.0,52.0,86.0,73.0,59.0,29.84,29.78,29.73,10.0,10.0,9.0,23.0,10.0,28.0,0.0,4.0,318.0,0,0,0
2014-06-11,70.0,64.0,58.0,55.0,53.0,51.0,78.0,66.0,53.0,29.92,29.86,29.82,10.0,10.0,10.0,23.0,12.0,31.0,0.0,5.0,258.0,0,0,0
2014-06-12,66.0,61.0,55.0,52.0,49.0,48.0,80.0,68.0,56.0,30.01,29.96,29.91,10.0,10.0,10.0,21.0,14.0,25.0,0.0,5.0,257.0,0,0,0
2014-06-13,72.0,64.0,55.0,53.0,51.0,48.0,83.0,65.0,47.0,29.99,29.96,29.93,10.0,10.0,10.0,17.0,8.0,23.0,0.0,2.0,238.0,0,0,0
2014-06-14,80.0,67.0,53.0,54.0,50.0,48.0,89.0,63.0,36.0,29.95,29.9,29.85,10.0,10.0,10.0,23.0,9.0,25.0,0.0,2.0,282.0,0,0,0
2014-06-15,68.0,61.0,54.0,52.0,50.0,48.0,80.0,66.0,52.0,29.86,29.83,29.81,10.0,10.0,8.0,24.0,13.0,26.0,0.0,5.0,248.0,0,0,0
2014-06-16,65.0,61.0,56.0,50.0,48.0,46.0,83.0,70.0,56.0,29.94,29.9,29.85,10.0,10.0,10.0,22.0,14.0,26.0,0.0,5.0,248.0,0,0,0
2014-06-17,73.0,62.0,50.0,50.0,47.0,43.0,77.0,56.0,35.0,29.97,29.93,29.9,10.0,10.0,10.0,21.0,7.0,23.0,0.0,1.0,246.0,0,0,0
2014-06-18,82.0,68.0,53.0,52.0,49.0,46.0,77.0,53.0,28.0,29.96,29.94,29.91,10.0,10.0,10.0,21.0,7.0,23.0,0.0,0.0,280.0,0,0,0
2014-06-19,70.0,61.0,52.0,52.0,50.0,48.0,86.0,70.0,53.0,30.01,29.98,29.95,10.0,10.0,9.0,22.0,9.0,32.0,0.0,2.0,302.0,0,0,0
2014-06-20,74.0,64.0,54.0,54.0,52.0,49.0,86.0,66.0,46.0,30.0,29.97,29.94,10.0,10.0,10.0,22.0,10.0,24.0,0.0,4.0,250.0,0,0,0
2014-06-21,65.0,59.0,53.0,50.0,49.0,48.0,83.0,70.0,56.0,29.95,29.93,29.91,10.0,10.0,10.0,20.0,8.0,23.0,0.0,5.0,276.0,0,0,0
2014-06-22,66.0,60.0,54.0,50.0,49.0,48.0,77.0,67.0,56.0,29.97,29.94,29.9,10.0,10.0,10.0,25.0,12.0,30.0,0.0,4.0,249.0,0,0,0
2014-06-23,70.0,63.0,55.0,52.0,50.0,47.0,83.0,67.0,51.0,29.97,29.95,29.93,10.0,10.0,10.0,20.0,9.0,29.0,0.0,5.0,252.0,0,0,0
2014-06-24,70.0,62.0,54.0,55.0,52.0,48.0,83.0,71.0,58.0,30.02,29.98,29.96,10.0,10.0,10.0,21.0,10.0,26.0,0.0,3.0,269.0,0,0,0
2014-06-25,68.0,63.0,57.0,58.0,55.0,53.0,90.0,79.0,68.0,30.02,29.99,29.97,10.0,10.0,8.0,21.0,13.0,33.0,0.15,7.0,263.0,0,0,0
2014-06-26,70.0,65.0,59.0,57.0,55.0,53.0,90.0,74.0,57.0,30.01,29.99,29.97,10.0,10.0,7.0,18.0,12.0,32.0,0.15,5.0,261.0,0,1,0
2014-06-27,71.0,64.0,57.0,59.0,56.0,53.0,86.0,76.0,66.0,30.01,29.98,29.94,10.0,10.0,10.0,21.0,9.0,29.0,0.0,5.0,261.0,0,0,0
2014-06-28,72.0,65.0,57.0,55.0,54.0,52.0,87.0,72.0,57.0,29.98,29.95,29.91,10.0,10.0,10.0,20.0,9.0,25.0,0.0,3.0,253.0,0,0,0
2014-06-29,80.0,67.0,54.0,55.0,52.0,50.0,87.0,62.0,37.0,29.95,29.9,29.83,10.0,10.0,10.0,18.0,8.0,22.0,0.0,0.0,276.0,0,0,0
2014-06-30,82.0,70.0,57.0,57.0,54.0,52.0,84.0,63.0,42.0,29.84,29.82,29.79,10.0,10.0,8.0,20.0,9.0,35.0,0.0,3.0,304.0,0,0,0
2014-07-01,72.0,64.0,56.0,55.0,54.0,53.0,93.0,73.0,53.0,29.87,29.83,29.8,10.0,10.0,10.0,21.0,10.0,29.0,0.0,5.0,316.0,0,0,0
2014-07-02,70.0,64.0,57.0,55.0,54.0,53.0,86.0,72.0,57.0,29.92,29.88,29.85,10.0,10.0,10.0,21.0,11.0,23.0,0.0,6.0,265.0,0,0,0
2014-07-03,69.0,62.0,54.0,54.0,52.0,52.0,86.0,71.0,55.0,29.96,29.92,29.9,10.0,10.0,10.0,18.0,10.0,25.0,0.0,3.0,264.0,0,0,0
2014-07-04,67.0,61.0,54.0,54.0,52.0,51.0,93.0,76.0,58.0,30.02,29.97,29.91,10.0,10.0,9.0,21.0,9.0,24.0,0.0,4.0,320.0,0,0,0
2014-07-05,72.0,63.0,53.0,54.0,53.0,51.0,93.0,73.0,53.0,30.09,30.04,30.02,10.0,10.0,10.0,18.0,7.0,32.0,0.0,3.0,299.0,0,0,0
2014-07-06,70.0,62.0,53.0,53.0,52.0,51.0,93.0,73.0,53.0,30.07,30.01,29.95,10.0,10.0,10.0,21.0,10.0,25.0,0.0,3.0,296.0,0,0,0
2014-07-07,70.0,62.0,54.0,55.0,54.0,52.0,93.0,76.0,59.0,29.94,29.9,29.85,10.0,10.0,10.0,23.0,9.0,35.0,0.0,7.0,314.0,0,0,0
2014-07-08,68.0,63.0,57.0,55.0,54.0,54.0,93.0,78.0,63.0,29.93,29.91,29.86,10.0,10.0,10.0,18.0,9.0,28.0,0.0,5.0,311.0,0,0,0
2014-07-09,71.0,64.0,57.0,56.0,55.0,54.0,93.0,77.0,61.0,29.96,29.91,29.87,10.0,10.0,10.0,20.0,8.0,23.0,0.0,4.0,314.0,0,0,0
2014-07-10,73.0,67.0,60.0,56.0,55.0,54.0,84.0,71.0,57.0,29.95,29.92,29.88,10.0,10.0,10.0,18.0,9.0,22.0,0.0,4.0,270.0,0,0,0
2014-07-11,72.0,67.0,61.0,56.0,54.0,52.0,84.0,69.0,53.0,30.08,30.01,29.94,10.0,10.0,10.0,22.0,13.0,25.0,0.0,5.0,262.0,0,0,0
2014-07-12,70.0,64.0,58.0,55.0,54.0,53.0,80.0,69.0,57.0,30.1,30.07,30.04,10.0,10.0,6.0,23.0,12.0,25.0,0.15,5.0,273.0,0,0,0
2014-07-13,71.0,65.0,58.0,56.0,54.0,53.0,86.0,74.0,61.0,30.05,29.99,29.89,10.0,9.0,6.0,16.0,8.0,21.0,0.15,6.0,280.0,0,0,0
2014-07-14,76.0,67.0,57.0,58.0,55.0,52.0,87.0,70.0,53.0,29.94,29.9,29.86,10.0,10.0,9.0,24.0,9.0,30.0,0.0,3.0,310.0,0,0,0
2014-07-15,77.0,68.0,59.0,61.0,58.0,55.0,90.0,73.0,56.0,30.01,29.97,29.92,10.0,10.0,10.0,20.0,11.0,23.0,0.0,6.0,321.0,0,0,0
2014-07-16,74.0,68.0,62.0,59.0,57.0,56.0,90.0,74.0,57.0,30.04,30.0,29.98,10.0,10.0,10.0,23.0,14.0,28.0,0.0,6.0,285.0,0,0,0
2014-07-17,73.0,68.0,63.0,57.0,56.0,55.0,78.0,68.0,57.0,30.02,29.99,29.97,10.0,10.0,10.0,21.0,13.0,24.0,0.0,4.0,275.0,0,0,0
2014-07-18,71.0,67.0,63.0,57.0,56.0,55.0,84.0,73.0,61.0,30.03,29.99,29.95,10.0,10.0,10.0,20.0,12.0,23.0,0.0,6.0,276.0,0,0,0
2014-07-19,72.0,67.0,62.0,58.0,56.0,55.0,84.0,71.0,57.0,29.97,29.96,29.94,10.0,10.0,10.0,20.0,10.0,24.0,0.0,6.0,293.0,0,0,0
2014-07-20,73.0,68.0,62.0,59.0,58.0,57.0,84.0,73.0,61.0,30.0,29.97,29.93,10.0,10.0,10.0,20.0,11.0,25.0,0.0,6.0,297.0,0,0,0
2014-07-21,74.0,69.0,63.0,60.0,58.0,56.0,78.0,68.0,57.0,30.07,30.03,29.98,10.0,10.0,10.0,20.0,11.0,22.0,0.0,5.0,293.0,0,0,0
2014-07-22,76.0,70.0,63.0,58.0,57.0,55.0,78.0,64.0,50.0,30.12,30.07,30.04,10.0,10.0,10.0,21.0,10.0,30.0,0.01,5.0,276.0,0,1,0
2014-07-23,76.0,70.0,63.0,60.0,58.0,56.0,78.0,68.0,57.0,30.15,30.1,30.05,10.0,10.0,10.0,20.0,9.0,23.0,0.0,4.0,266.0,0,0,0
2014-07-24,83.0,73.0,62.0,59.0,57.0,54.0,84.0,63.0,42.0,30.05,29.96,29.85,10.0,10.0,10.0,17.0,7.0,20.0,0.0,2.0,284.0,0,0,0
2014-07-25,90.0,75.0,60.0,59.0,56.0,45.0,84.0,53.0,22.0,29.89,29.86,29.83,10.0,10.0,8.0,18.0,8.0,22.0,0.0,0.0,293.0,0,0,0
2014-07-26,77.0,69.0,61.0,58.0,56.0,55.0,78.0,66.0,53.0,29.96,29.92,29.88,10.0,10.0,9.0,21.0,11.0,23.0,0.0,2.0,310.0,0,0,0
2014-07-27,78.0,70.0,61.0,58.0,57.0,56.0,84.0,67.0,50.0,30.0,29.96,29.93,10.0,10.0,9.0,23.0,11.0,25.0,0.0,4.0,307.0,0,0,0
2014-07-28,72.0,67.0,61.0,57.0,56.0,55.0,84.0,71.0,57.0,30.06,30.03,29.99,10.0,10.0,10.0,21.0,10.0,24.0,0.0,6.0,316.0,0,0,0
2014-07-29,76.0,68.0,60.0,58.0,56.0,55.0,84.0,67.0,50.0,30.06,30.03,29.99,10.0,10.0,10.0,20.0,11.0,22.0,0.0,2.0,303.0,0,0,0
2014-07-30,73.0,66.0,59.0,57.0,56.0,55.0,84.0,71.0,57.0,30.02,29.99,29.95,10.0,10.0,10.0,21.0,11.0,24.0,0.0,4.0,305.0,0,0,0
2014-07-31,71.0,65.0,59.0,57.0,56.0,55.0,87.0,72.0,57.0,30.0,29.95,29.89,10.0,10.0,9.0,17.0,9.0,22.0,0.0,5.0,307.0,0,0,0
2014-08-01,72.0,65.0,58.0,59.0,56.0,54.0,90.0,74.0,57.0,29.94,29.91,29.88,10.0,9.0,7.0,18.0,9.0,22.0,0.0,3.0,305.0,0,0,0
2014-08-02,68.0,64.0,60.0,56.0,55.0,54.0,84.0,76.0,67.0,29.97,29.94,29.91,10.0,10.0,9.0,18.0,10.0,23.0,0.0,6.0,293.0,0,0,0
2014-08-03,69.0,65.0,61.0,56.0,55.0,54.0,84.0,72.0,59.0,29.98,29.95,29.93,10.0,10.0,10.0,18.0,11.0,29.0,0.0,7.0,274.0,0,0,0
2014-08-04,73.0,67.0,61.0,56.0,55.0,54.0,84.0,71.0,57.0,30.01,29.98,29.94,10.0,10.0,10.0,17.0,10.0,21.0,0.0,7.0,281.0,0,0,0
2014-08-05,74.0,68.0,62.0,59.0,57.0,55.0,84.0,71.0,57.0,30.08,30.03,30.01,10.0,10.0,10.0,20.0,7.0,26.0,0.15,7.0,294.0,0,0,0
2014-08-06,78.0,69.0,60.0,61.0,59.0,55.0,87.0,71.0,54.0,30.03,30.0,29.96,10.0,10.0,10.0,20.0,8.0,36.0,0.15,6.0,299.0,0,1,0
2014-08-07,69.0,65.0,60.0,56.0,55.0,54.0,84.0,73.0,61.0,29.99,29.96,29.92,10.0,10.0,8.0,18.0,7.0,29.0,0.0,5.0,291.0,0,0,0
2014-08-08,73.0,66.0,58.0,55.0,54.0,52.0,84.0,69.0,53.0,29.94,29.92,29.88,10.0,9.0,7.0,20.0,11.0,28.0,0.0,3.0,274.0,0,0,0
2014-08-09,67.0,63.0,59.0,55.0,54.0,53.0,80.0,74.0,67.0,30.0,29.96,29.91,10.0,10.0,9.0,21.0,12.0,31.0,0.15,6.0,255.0,0,0,0
2014-08-10,73.0,67.0,60.0,56.0,55.0,54.0,84.0,71.0,57.0,30.02,29.98,29.94,10.0,10.0,10.0,22.0,9.0,36.0,0.15,6.0,262.0,0,0,0
2014-08-11,73.0,67.0,61.0,57.0,56.0,55.0,84.0,69.0,53.0,29.97,29.94,29.9,10.0,10.0,10.0,18.0,9.0,22.0,0.0,4.0,305.0,0,0,0
2014-08-12,74.0,68.0,61.0,56.0,55.0,53.0,78.0,66.0,53.0,30.0,29.96,29.93,10.0,10.0,10.0,20.0,10.0,31.0,0.0,6.0,275.0,0,0,0
2014-08-13,75.0,68.0,60.0,57.0,55.0,54.0,84.0,69.0,53.0,30.02,29.97,29.94,10.0,10.0,10.0,21.0,9.0,24.0,0.0,5.0,276.0,0,0,0
2014-08-14,73.0,66.0,59.0,57.0,56.0,55.0,84.0,71.0,57.0,29.98,29.95,29.9,10.0,10.0,10.0,20.0,9.0,26.0,0.0,5.0,315.0,0,0,0
2014-08-15,74.0,66.0,58.0,57.0,56.0,54.0,87.0,70.0,53.0,30.02,29.98,29.95,10.0,10.0,8.0,18.0,9.0,39.0,0.0,4.0,323.0,0,0,0
2014-08-16,73.0,67.0,60.0,57.0,56.0,55.0,84.0,73.0,61.0,30.06,30.01,29.97,10.0,10.0,10.0,20.0,9.0,23.0,0.0,4.0,305.0,0,0,0
2014-08-17,72.0,65.0,58.0,57.0,55.0,54.0,84.0,73.0,61.0,30.05,30.0,29.93,10.0,10.0,10.0,21.0,10.0,24.0,0.0,5.0,293.0,0,0,0
2014-08-18,68.0,64.0,60.0,57.0,55.0,55.0,84.0,76.0,68.0,29.93,29.88,29.84,10.0,10.0,9.0,22.0,11.0,28.0,0.15,7.0,271.0,0,0,0
2014-08-19,74.0,67.0,60.0,57.0,56.0,55.0,84.0,71.0,57.0,29.88,29.85,29.81,10.0,10.0,9.0,21.0,10.0,23.0,0.15,5.0,266.0,0,1,0
2014-08-20,73.0,68.0,62.0,57.0,56.0,55.0,84.0,71.0,57.0,29.94,29.9,29.86,10.0,10.0,10.0,18.0,10.0,28.0,0.0,5.0,263.0,0,0,0
2014-08-21,75.0,68.0,61.0,59.0,57.0,56.0,84.0,71.0,57.0,29.97,29.94,29.91,10.0,10.0,10.0,20.0,8.0,23.0,0.0,4.0,298.0,0,0,0
2014-08-22,75.0,69.0,62.0,59.0,57.0,55.0,90.0,74.0,57.0,29.95,29.93,29.91,10.0,10.0,10.0,21.0,8.0,28.0,0.0,5.0,273.0,0,0,0
2014-08-23,75.0,68.0,60.0,56.0,55.0,53.0,78.0,64.0,49.0,29.97,29.91,29.86,10.0,10.0,10.0,16.0,9.0,20.0,0.0,3.0,269.0,0,0,0
2014-08-24,74.0,67.0,59.0,56.0,55.0,54.0,84.0,69.0,53.0,29.92,29.87,29.82,10.0,10.0,10.0,21.0,11.0,23.0,0.0,4.0,291.0,0,0,0
2014-08-25,72.0,68.0,63.0,56.0,55.0,54.0,73.0,63.0,53.0,29.96,29.89,29.85,10.0,10.0,10.0,18.0,11.0,24.0,0.0,5.0,265.0,0,0,0
2014-08-26,75.0,69.0,62.0,57.0,55.0,53.0,78.0,64.0,49.0,30.03,29.99,29.95,10.0,10.0,10.0,18.0,9.0,23.0,0.0,2.0,284.0,0,0,0
2014-08-27,77.0,68.0,59.0,59.0,57.0,55.0,84.0,69.0,54.0,30.07,30.04,30.0,10.0,10.0,8.0,21.0,9.0,22.0,0.0,1.0,302.0,0,0,0
2014-08-28,75.0,68.0,60.0,59.0,57.0,55.0,90.0,74.0,57.0,30.08,30.03,29.94,10.0,10.0,10.0,20.0,9.0,22.0,0.0,4.0,296.0,0,0,0
2014-08-29,72.0,67.0,61.0,58.0,57.0,55.0,84.0,75.0,66.0,29.98,29.94,29.9,10.0,10.0,10.0,21.0,7.0,24.0,0.15,7.0,272.0,0,0,0
2014-08-30,77.0,68.0,59.0,60.0,58.0,56.0,87.0,71.0,54.0,29.93,29.9,29.87,10.0,10.0,10.0,18.0,8.0,21.0,0.0,3.0,267.0,0,0,0
2014-08-31,76.0,69.0,61.0,59.0,57.0,54.0,84.0,69.0,54.0,29.95,29.9,29.85,10.0,10.0,10.0,17.0,8.0,28.0,0.0,3.0,279.0,0,0,0
2014-09-01,83.0,70.0,57.0,58.0,56.0,52.0,86.0,64.0,42.0,29.86,29.82,29.76,10.0,10.0,8.0,16.0,7.0,20.0,0.0,0.0,290.0,0,0,0
2014-09-02,72.0,66.0,60.0,58.0,57.0,55.0,84.0,73.0,61.0,29.87,29.82,29.79,10.0,10.0,7.0,21.0,8.0,24.0,0.0,5.0,290.0,0,0,0
2014-09-03,76.0,69.0,61.0,57.0,56.0,55.0,84.0,69.0,53.0,29.81,29.76,29.72,10.0,10.0,10.0,21.0,8.0,24.0,0.0,4.0,276.0,0,0,0
2014-09-04,74.0,68.0,61.0,57.0,57.0,56.0,84.0,71.0,57.0,29.81,29.76,29.72,10.0,10.0,8.0,22.0,8.0,25.0,0.0,5.0,301.0,0,0,0
2014-09-05,72.0,66.0,60.0,57.0,56.0,54.0,84.0,71.0,57.0,29.92,29.87,29.81,10.0,9.0,7.0,18.0,8.0,32.0,0.0,4.0,309.0,0,0,0
2014-09-06,72.0,66.0,60.0,55.0,54.0,52.0,84.0,69.0,53.0,29.98,29.93,29.89,10.0,9.0,7.0,17.0,9.0,30.0,0.0,4.0,290.0,0,0,0
2014-09-07,72.0,66.0,60.0,54.0,53.0,45.0,78.0,66.0,53.0,29.92,29.87,29.82,10.0,10.0,10.0,18.0,10.0,28.0,0.0,3.0,293.0,0,0,0
2014-09-08,68.0,64.0,59.0,52.0,51.0,50.0,72.0,64.0,55.0,29.96,29.9,29.86,10.0,10.0,10.0,18.0,12.0,22.0,0.0,4.0,272.0,0,0,0
2014-09-09,72.0,65.0,57.0,56.0,53.0,52.0,87.0,72.0,57.0,30.01,29.96,29.91,10.0,10.0,10.0,17.0,7.0,21.0,0.0,5.0,270.0,0,0,0
2014-09-10,82.0,68.0,54.0,59.0,56.0,51.0,93.0,66.0,39.0,29.96,29.9,29.83,10.0,9.0,5.0,16.0,5.0,20.0,0.0,1.0,283.0,0,0,0
2014-09-11,83.0,70.0,57.0,59.0,57.0,50.0,90.0,62.0,33.0,29.91,29.87,29.82,10.0,8.0,2.0,20.0,7.0,22.0,0.0,2.0,312.0,0,0,0
2014-09-12,77.0,67.0,57.0,59.0,56.0,54.0,87.0,69.0,50.0,29.91,29.85,29.8,10.0,9.0,6.0,15.0,8.0,23.0,0.0,1.0,299.0,0,0,0
2014-09-13,75.0,67.0,59.0,59.0,57.0,55.0,84.0,71.0,57.0,29.87,29.83,29.78,10.0,10.0,9.0,22.0,8.0,33.0,0.0,4.0,306.0,0,0,0
2014-09-14,74.0,67.0,60.0,57.0,56.0,55.0,84.0,69.0,53.0,29.87,29.84,29.81,10.0,10.0,9.0,18.0,8.0,28.0,0.0,2.0,295.0,0,0,0
2014-09-15,77.0,70.0,62.0,58.0,56.0,53.0,84.0,64.0,43.0,29.94,29.9,29.85,10.0,10.0,10.0,18.0,9.0,49.0,0.0,3.0,281.0,0,0,0
2014-09-16,78.0,68.0,58.0,60.0,57.0,54.0,87.0,67.0,47.0,29.95,29.89,29.81,10.0,10.0,8.0,18.0,7.0,21.0,0.0,4.0,276.0,0,0,0
2014-09-17,77.0,69.0,61.0,64.0,58.0,55.0,84.0,67.0,50.0,29.83,29.8,29.75,10.0,10.0,9.0,21.0,9.0,29.0,0.15,5.0,267.0,0,1,0
2014-09-18,78.0,70.0,61.0,65.0,62.0,58.0,87.0,71.0,54.0,29.9,29.84,29.78,10.0,10.0,6.0,20.0,9.0,29.0,0.15,5.0,242.0,0,1,0
2014-09-19,73.0,66.0,59.0,61.0,60.0,59.0,93.0,79.0,64.0,29.93,29.9,29.86,10.0,10.0,8.0,23.0,7.0,31.0,0.0,5.0,295.0,0,0,0
2014-09-20,71.0,67.0,63.0,60.0,59.0,57.0,90.0,79.0,68.0,29.95,29.92,29.89,10.0,10.0,10.0,20.0,9.0,23.0,0.0,6.0,296.0,0,0,0
2014-09-21,69.0,67.0,64.0,59.0,58.0,57.0,78.0,72.0,66.0,30.02,29.99,29.94,10.0,10.0,10.0,22.0,11.0,28.0,0.0,8.0,269.0,0,0,0
2014-09-22,75.0,69.0,63.0,58.0,57.0,55.0,78.0,66.0,53.0,30.04,30.0,29.96,10.0,10.0,10.0,18.0,9.0,21.0,0.0,4.0,277.0,0,0,0
2014-09-23,75.0,69.0,63.0,63.0,59.0,57.0,87.0,76.0,64.0,30.02,29.97,29.93,10.0,10.0,7.0,18.0,8.0,23.0,0.15,5.0,276.0,0,1,0
2014-09-24,77.0,71.0,65.0,63.0,62.0,60.0,87.0,74.0,60.0,29.97,29.94,29.89,10.0,9.0,5.0,20.0,9.0,26.0,0.01,6.0,267.0,0,1,0
2014-09-25,72.0,65.0,58.0,59.0,57.0,56.0,100.0,79.0,57.0,30.02,29.96,29.91,10.0,8.0,2.0,21.0,6.0,24.0,0.43,6.0,288.0,0,1,0
2014-09-26,73.0,67.0,60.0,59.0,57.0,54.0,90.0,72.0,53.0,30.01,29.96,29.9,10.0,10.0,10.0,25.0,9.0,29.0,0.0,4.0,290.0,0,0,0
2014-09-27,71.0,63.0,55.0,59.0,56.0,52.0,93.0,75.0,57.0,29.94,29.89,29.84,10.0,10.0,10.0,18.0,9.0,24.0,0.0,3.0,248.0,0,0,0
2014-09-28,72.0,67.0,61.0,57.0,56.0,55.0,84.0,73.0,61.0,29.96,29.89,29.83,10.0,10.0,10.0,15.0,7.0,17.0,0.0,6.0,219.0,0,0,0
2014-09-29,69.0,63.0,57.0,57.0,56.0,55.0,90.0,77.0,63.0,30.05,29.99,29.96,10.0,10.0,8.0,20.0,8.0,28.0,0.0,5.0,278.0,0,0,0
2014-09-30,73.0,65.0,57.0,58.0,57.0,54.0,90.0,74.0,57.0,30.05,29.95,29.85,10.0,10.0,9.0,16.0,7.0,18.0,0.0,4.0,253.0,0,0,0
2014-10-01,83.0,68.0,53.0,60.0,51.0,40.0,93.0,58.0,22.0,29.98,29.9,29.85,10.0,10.0,8.0,15.0,4.0,31.0,0.0,1.0,283.0,0,0,0
2014-10-02,87.0,70.0,52.0,61.0,48.0,42.0,72.0,51.0,29.0,30.04,29.99,29.94,10.0,10.0,9.0,14.0,6.0,18.0,0.0,0.0,309.0,0,0,0
2014-10-03,89.0,72.0,55.0,59.0,49.0,42.0,72.0,47.0,21.0,30.1,30.04,29.99,10.0,10.0,10.0,15.0,5.0,20.0,0.0,0.0,289.0,0,0,0
2014-10-04,92.0,74.0,55.0,55.0,46.0,40.0,73.0,46.0,19.0,30.04,29.99,29.92,10.0,10.0,10.0,14.0,4.0,17.0,0.0,1.0,323.0,0,0,0
2014-10-05,88.0,71.0,53.0,57.0,52.0,45.0,84.0,55.0,26.0,29.97,29.92,29.87,10.0,10.0,10.0,15.0,5.0,35.0,0.0,1.0,317.0,0,0,0
2014-10-06,83.0,68.0,52.0,60.0,55.0,50.0,93.0,65.0,36.0,29.94,29.9,29.84,10.0,10.0,7.0,15.0,6.0,62.0,0.0,1.0,298.0,0,0,0
2014-10-07,73.0,62.0,51.0,58.0,54.0,50.0,96.0,77.0,57.0,29.95,29.9,29.86,10.0,9.0,2.0,18.0,7.0,21.0,0.0,2.0,296.0,0,0,0
2014-10-08,75.0,64.0,52.0,59.0,55.0,51.0,93.0,73.0,53.0,29.93,29.89,29.85,10.0,9.0,7.0,16.0,5.0,17.0,0.0,1.0,310.0,0,0,0
2014-10-09,66.0,62.0,57.0,56.0,55.0,53.0,93.0,80.0,67.0,30.01,29.96,29.92,10.0,10.0,10.0,17.0,9.0,20.0,0.0,4.0,288.0,0,0,0
2014-10-10,66.0,61.0,56.0,55.0,54.0,52.0,93.0,80.0,67.0,30.08,30.03,30.0,10.0,10.0,10.0,18.0,9.0,28.0,0.0,6.0,273.0,0,0,0
2014-10-11,73.0,64.0,55.0,57.0,54.0,52.0,93.0,71.0,49.0,30.08,30.02,29.97,10.0,10.0,9.0,13.0,6.0,15.0,0.0,4.0,265.0,0,0,0
2014-10-12,86.0,69.0,51.0,62.0,51.0,31.0,93.0,53.0,13.0,29.99,29.95,29.89,10.0,10.0,10.0,13.0,4.0,18.0,0.0,0.0,284.0,0,0,0
2014-10-13,83.0,67.0,50.0,56.0,46.0,34.0,87.0,53.0,19.0,29.97,29.93,29.91,10.0,10.0,8.0,17.0,6.0,33.0,0.0,1.0,347.0,0,0,0
2014-10-14,72.0,65.0,58.0,57.0,55.0,54.0,87.0,70.0,53.0,29.95,29.89,29.83,10.0,10.0,8.0,26.0,9.0,32.0,0.0,6.0,206.0,0,0,0
2014-10-15,71.0,63.0,54.0,57.0,55.0,53.0,86.0,72.0,57.0,30.04,29.97,29.86,10.0,10.0,9.0,21.0,8.0,28.0,0.15,6.0,225.0,0,1,0
2014-10-16,71.0,61.0,51.0,56.0,51.0,45.0,93.0,68.0,42.0,30.05,29.99,29.95,10.0,10.0,10.0,18.0,6.0,22.0,0.0,5.0,313.0,0,0,0
2014-10-17,73.0,62.0,51.0,57.0,50.0,47.0,89.0,65.0,41.0,29.98,29.95,29.92,10.0,10.0,10.0,12.0,4.0,17.0,0.0,5.0,142.0,0,0,0
2014-10-18,75.0,65.0,54.0,58.0,54.0,49.0,84.0,64.0,43.0,30.0,29.94,29.88,10.0,10.0,10.0,17.0,6.0,28.0,0.0,2.0,285.0,0,0,0
2014-10-19,71.0,63.0,55.0,61.0,57.0,52.0,93.0,80.0,66.0,29.93,29.9,29.87,10.0,10.0,9.0,20.0,7.0,22.0,0.0,3.0,300.0,0,0,0
2014-10-20,70.0,62.0,54.0,59.0,55.0,51.0,78.0,68.0,57.0,30.06,29.97,29.91,10.0,9.0,2.0,18.0,9.0,22.0,0.01,5.0,250.0,0,1,0
2014-10-21,70.0,60.0,49.0,53.0,49.0,43.0,83.0,60.0,37.0,30.11,30.06,30.02,10.0,10.0,10.0,20.0,7.0,36.0,0.0,1.0,307.0,0,0,0
2014-10-22,71.0,60.0,49.0,57.0,52.0,46.0,86.0,72.0,57.0,30.09,30.05,30.02,10.0,10.0,10.0,15.0,5.0,17.0,0.0,4.0,281.0,0,0,0
2014-10-23,72.0,64.0,55.0,59.0,56.0,53.0,93.0,75.0,57.0,30.08,30.02,29.97,10.0,10.0,10.0,14.0,4.0,15.0,0.01,5.0,302.0,0,0,0
2014-10-24,71.0,64.0,56.0,57.0,54.0,50.0,83.0,71.0,59.0,29.98,29.94,29.89,10.0,10.0,10.0,18.0,9.0,26.0,0.0,2.0,184.0,0,0,0
2014-10-25,70.0,65.0,60.0,59.0,56.0,54.0,90.0,76.0,61.0,30.14,30.02,29.89,10.0,10.0,4.0,25.0,13.0,30.0,0.23,6.0,208.0,0,1,0
2014-10-26,69.0,60.0,50.0,55.0,49.0,43.0,93.0,66.0,39.0,30.18,30.12,30.06,10.0,10.0,10.0,18.0,7.0,21.0,0.0,1.0,324.0,0,0,0
2014-10-27,67.0,57.0,47.0,52.0,48.0,42.0,86.0,69.0,52.0,30.08,30.05,30.01,10.0,10.0,10.0,12.0,4.0,14.0,0.0,2.0,300.0,0,0,0
2014-10-28,71.0,60.0,48.0,55.0,50.0,45.0,93.0,70.0,47.0,30.13,30.09,30.06,10.0,10.0,10.0,15.0,6.0,17.0,0.0,1.0,325.0,0,0,0
2014-10-29,77.0,64.0,50.0,58.0,53.0,49.0,89.0,63.0,36.0,30.12,30.06,29.98,10.0,10.0,10.0,15.0,4.0,17.0,0.0,1.0,285.0,0,0,0
2014-10-30,71.0,63.0,54.0,57.0,53.0,47.0,84.0,74.0,63.0,29.96,29.92,29.89,10.0,10.0,10.0,16.0,6.0,26.0,0.0,5.0,270.0,0,0,0
2014-10-31,64.0,61.0,57.0,58.0,54.0,49.0,87.0,80.0,72.0,29.91,29.84,29.73,10.0,8.0,2.0,18.0,8.0,24.0,0.32,8.0,224.0,0,1,0
2014-11-01,64.0,56.0,48.0,51.0,48.0,44.0,83.0,72.0,60.0,30.04,29.9,29.75,10.0,10.0,10.0,22.0,9.0,24.0,0.0,4.0,270.0,0,0,0
2014-11-02,66.0,55.0,44.0,50.0,45.0,42.0,93.0,71.0,48.0,30.17,30.13,30.05,10.0,10.0,10.0,21.0,4.0,24.0,0.0,1.0,281.0,0,0,0
2014-11-03,66.0,55.0,44.0,52.0,46.0,40.0,86.0,63.0,40.0,30.27,30.22,30.17,10.0,10.0,10.0,15.0,5.0,16.0,0.0,4.0,281.0,0,0,0
2014-11-04,69.0,58.0,46.0,54.0,49.0,44.0,93.0,68.0,42.0,30.33,30.27,30.23,10.0,10.0,7.0,12.0,4.0,14.0,0.0,2.0,297.0,0,0,0
2014-11-05,72.0,60.0,48.0,54.0,49.0,43.0,77.0,61.0,44.0,30.23,30.15,30.08,10.0,10.0,10.0,7.0,3.0,8.0,0.0,2.0,202.0,0,0,0
2014-11-06,72.0,61.0,50.0,56.0,52.0,46.0,93.0,69.0,44.0,30.22,30.19,30.14,10.0,10.0,7.0,13.0,4.0,15.0,0.0,3.0,295.0,0,0,0
2014-11-07,70.0,60.0,50.0,58.0,54.0,48.0,100.0,81.0,61.0,30.24,30.18,30.1,10.0,5.0,0.0,13.0,4.0,15.0,0.01,3.0,332.0,0,0,0
2014-11-08,72.0,61.0,50.0,59.0,53.0,48.0,100.0,79.0,57.0,30.13,30.08,30.01,10.0,7.0,0.0,8.0,2.0,20.0,0.0,3.0,265.0,0,0,0
2014-11-09,70.0,59.0,48.0,57.0,53.0,46.0,100.0,81.0,61.0,30.02,29.92,29.83,10.0,10.0,6.0,15.0,4.0,17.0,0.0,1.0,299.0,0,0,0
2014-11-10,65.0,56.0,47.0,57.0,52.0,46.0,100.0,86.0,72.0,29.86,29.83,29.8,10.0,5.0,0.0,16.0,5.0,18.0,0.01,3.0,316.0,0,0,0
2014-11-11,66.0,62.0,58.0,54.0,49.0,47.0,80.0,68.0,56.0,29.98,29.92,29.86,10.0,10.0,10.0,15.0,9.0,21.0,0.0,7.0,233.0,0,0,0
2014-11-12,66.0,61.0,56.0,49.0,46.0,44.0,64.0,56.0,48.0,30.04,29.99,29.97,10.0,10.0,4.0,10.0,4.0,16.0,0.11,7.0,258.0,0,1,0
2014-11-13,64.0,60.0,55.0,59.0,56.0,50.0,93.0,86.0,78.0,30.08,30.01,29.93,10.0,7.0,1.0,17.0,7.0,22.0,0.2,7.0,211.0,0,1,0
2014-11-14,65.0,57.0,49.0,58.0,53.0,49.0,96.0,82.0,67.0,30.12,30.09,30.07,10.0,9.0,4.0,16.0,6.0,20.0,0.0,4.0,273.0,0,0,0
2014-11-15,64.0,55.0,46.0,54.0,49.0,44.0,93.0,78.0,63.0,30.19,30.14,30.09,10.0,10.0,10.0,8.0,3.0,13.0,0.0,2.0,300.0,0,0,0
2014-11-16,65.0,56.0,47.0,46.0,32.0,19.0,93.0,56.0,18.0,30.27,30.23,30.18,10.0,10.0,10.0,15.0,5.0,28.0,0.0,4.0,54.0,0,0,0
2014-11-17,67.0,57.0,47.0,42.0,36.0,25.0,77.0,50.0,22.0,30.25,30.17,30.11,10.0,10.0,10.0,16.0,6.0,22.0,0.0,4.0,87.0,0,0,0
2014-11-18,62.0,54.0,46.0,45.0,41.0,36.0,66.0,55.0,43.0,30.14,30.1,30.05,10.0,10.0,9.0,13.0,5.0,20.0,0.0,7.0,68.0,0,0,0
2014-11-19,61.0,57.0,52.0,57.0,51.0,41.0,93.0,75.0,57.0,30.14,30.06,30.0,10.0,8.0,2.0,22.0,6.0,25.0,0.15,8.0,142.0,0,1,0
2014-11-20,59.0,55.0,51.0,55.0,53.0,49.0,100.0,93.0,86.0,30.12,30.06,29.99,10.0,5.0,0.0,15.0,4.0,21.0,0.66,7.0,98.0,1,0,0
2014-11-21,61.0,56.0,51.0,54.0,51.0,48.0,96.0,83.0,69.0,30.14,30.09,30.04,10.0,9.0,6.0,9.0,4.0,31.0,0.0,7.0,78.0,0,0,0
2014-11-22,65.0,59.0,53.0,61.0,54.0,45.0,93.0,80.0,66.0,30.25,30.12,30.06,10.0,7.0,1.0,20.0,10.0,23.0,0.26,6.0,213.0,0,1,0
2014-11-23,62.0,52.0,42.0,47.0,43.0,39.0,83.0,66.0,48.0,30.35,30.3,30.25,10.0,10.0,10.0,8.0,2.0,18.0,0.0,3.0,278.0,0,0,0
2014-11-24,62.0,51.0,40.0,47.0,41.0,36.0,83.0,63.0,42.0,30.42,30.37,30.32,10.0,10.0,10.0,7.0,2.0,21.0,0.0,1.0,300.0,0,0,0
2014-11-25,73.0,57.0,41.0,52.0,44.0,38.0,83.0,71.0,58.0,30.47,30.4,30.33,10.0,10.0,8.0,13.0,4.0,15.0,0.0,1.0,147.0,0,0,0
2014-11-26,65.0,55.0,45.0,52.0,46.0,40.0,86.0,73.0,60.0,30.32,30.26,30.2,10.0,9.0,6.0,10.0,3.0,37.0,0.0,2.0,355.0,0,0,0
2014-11-27,65.0,54.0,42.0,51.0,47.0,42.0,93.0,78.0,63.0,30.19,30.12,30.06,9.0,6.0,0.0,12.0,2.0,28.0,0.0,3.0,337.0,0,0,0
2014-11-28,62.0,52.0,42.0,52.0,49.0,42.0,100.0,84.0,67.0,30.06,29.98,29.87,10.0,6.0,1.0,13.0,6.0,17.0,0.15,5.0,161.0,1,0,0
2014-11-29,64.0,59.0,54.0,55.0,53.0,49.0,93.0,83.0,72.0,29.87,29.82,29.75,10.0,10.0,6.0,14.0,7.0,18.0,0.08,7.0,135.0,0,1,0
2014-11-30,60.0,56.0,52.0,58.0,54.0,51.0,100.0,88.0,75.0,30.03,29.88,29.74,10.0,9.0,4.0,16.0,4.0,31.0,0.32,7.0,84.0,0,1,0
2014-12-01,66.0,60.0,53.0,57.0,55.0,52.0,100.0,84.0,67.0,30.12,30.04,29.96,10.0,10.0,7.0,15.0,4.0,17.0,0.15,6.0,53.0,0,1,0
2014-12-02,61.0,58.0,54.0,56.0,54.0,52.0,100.0,90.0,80.0,29.95,29.77,29.69,10.0,8.0,2.0,21.0,9.0,25.0,1.18,8.0,102.0,0,1,0
2014-12-03,64.0,61.0,58.0,59.0,57.0,55.0,93.0,86.0,78.0,29.89,29.78,29.71,10.0,7.0,2.0,35.0,12.0,41.0,1.43,7.0,151.0,0,1,0
2014-12-04,65.0,60.0,55.0,58.0,56.0,55.0,100.0,87.0,73.0,30.02,29.94,29.88,10.0,8.0,0.0,14.0,5.0,20.0,0.01,6.0,160.0,1,0,0
2014-12-05,67.0,60.0,53.0,58.0,56.0,53.0,100.0,87.0,73.0,30.08,30.03,29.99,10.0,9.0,3.0,23.0,8.0,28.0,0.1,7.0,139.0,0,1,0
2014-12-06,66.0,62.0,57.0,59.0,57.0,55.0,93.0,86.0,78.0,30.23,30.18,30.09,10.0,10.0,7.0,16.0,6.0,20.0,0.11,7.0,129.0,1,0,0
2014-12-07,64.0,58.0,52.0,57.0,54.0,52.0,100.0,86.0,72.0,30.22,30.18,30.14,10.0,8.0,4.0,12.0,3.0,21.0,0.01,6.0,110.0,0,0,0
2014-12-08,68.0,60.0,51.0,56.0,53.0,50.0,96.0,80.0,63.0,30.19,30.16,30.13,10.0,10.0,10.0,9.0,4.0,12.0,0.0,6.0,65.0,0,0,0
2014-12-09,65.0,59.0,53.0,57.0,54.0,51.0,93.0,83.0,73.0,30.22,30.15,30.08,10.0,8.0,4.0,12.0,2.0,31.0,0.0,7.0,356.0,0,0,0
2014-12-10,64.0,59.0,54.0,56.0,54.0,53.0,100.0,86.0,72.0,30.08,29.94,29.73,10.0,6.0,0.0,32.0,10.0,39.0,0.15,8.0,119.0,1,0,0
2014-12-11,64.0,57.0,50.0,57.0,53.0,48.0,93.0,80.0,67.0,29.7,29.63,29.52,10.0,6.0,1.0,36.0,14.0,45.0,3.12,8.0,162.0,0,1,0
2014-12-12,56.0,53.0,49.0,51.0,48.0,46.0,96.0,87.0,77.0,30.09,29.87,29.68,10.0,9.0,4.0,9.0,3.0,10.0,0.48,7.0,105.0,0,1,0
2014-12-13,57.0,52.0,46.0,48.0,46.0,44.0,100.0,86.0,72.0,30.24,30.18,30.09,10.0,10.0,7.0,8.0,3.0,25.0,0.0,4.0,63.0,0,0,0
2014-12-14,61.0,54.0,47.0,48.0,45.0,43.0,89.0,72.0,55.0,30.15,30.06,29.99,10.0,10.0,7.0,14.0,6.0,16.0,0.19,7.0,94.0,0,1,0
2014-12-15,56.0,53.0,49.0,51.0,48.0,46.0,93.0,85.0,77.0,29.98,29.9,29.84,10.0,8.0,2.0,23.0,14.0,31.0,1.09,8.0,125.0,0,1,0
2014-12-16,61.0,56.0,50.0,52.0,49.0,46.0,93.0,80.0,67.0,29.96,29.91,29.83,10.0,9.0,2.0,21.0,11.0,24.0,0.65,7.0,135.0,0,1,0
2014-12-17,59.0,54.0,49.0,51.0,49.0,46.0,93.0,83.0,72.0,30.09,30.03,29.95,10.0,10.0,6.0,17.0,8.0,22.0,0.13,7.0,127.0,0,1,0
2014-12-18,61.0,56.0,51.0,51.0,49.0,48.0,89.0,81.0,72.0,30.2,30.13,30.07,10.0,10.0,8.0,13.0,6.0,15.0,0.15,7.0,119.0,0,1,0
2014-12-19,57.0,56.0,54.0,54.0,52.0,50.0,93.0,85.0,77.0,30.17,30.14,30.11,10.0,8.0,1.0,23.0,12.0,30.0,0.25,8.0,144.0,0,1,0
2014-12-20,60.0,57.0,54.0,56.0,54.0,52.0,100.0,89.0,78.0,30.26,30.19,30.13,10.0,7.0,2.0,13.0,4.0,16.0,0.15,7.0,160.0,0,1,0
2014-12-21,64.0,60.0,55.0,58.0,56.0,54.0,100.0,92.0,84.0,30.33,30.28,30.25,10.0,6.0,0.0,13.0,6.0,24.0,0.09,6.0,197.0,1,0,0
2014-12-22,63.0,57.0,51.0,56.0,54.0,50.0,100.0,89.0,78.0,30.3,30.25,30.19,10.0,4.0,0.0,8.0,3.0,24.0,0.0,4.0,266.0,0,0,0
2014-12-23,65.0,56.0,47.0,55.0,51.0,46.0,100.0,84.0,67.0,30.23,30.17,30.13,10.0,9.0,6.0,9.0,3.0,14.0,0.0,0.0,321.0,0,0,0
2014-12-24,61.0,55.0,48.0,54.0,49.0,36.0,100.0,80.0,59.0,30.12,30.05,29.97,10.0,7.0,0.0,28.0,11.0,33.0,0.02,6.0,303.0,1,0,0
2014-12-25,59.0,52.0,45.0,38.0,35.0,26.0,70.0,50.0,30.0,30.16,30.11,30.06,10.0,10.0,10.0,20.0,10.0,26.0,0.0,0.0,338.0,0,0,0
2014-12-26,60.0,50.0,39.0,34.0,30.0,26.0,67.0,49.0,30.0,30.27,30.19,30.1,10.0,10.0,10.0,17.0,7.0,23.0,0.0,0.0,8.0,0,0,0
2014-12-27,55.0,47.0,38.0,38.0,34.0,30.0,82.0,62.0,41.0,30.39,30.34,30.27,10.0,10.0,10.0,12.0,5.0,13.0,0.0,3.0,88.0,0,0,0
2014-12-28,55.0,47.0,39.0,48.0,41.0,36.0,86.0,75.0,64.0,30.37,30.29,30.24,10.0,10.0,9.0,10.0,4.0,14.0,0.0,3.0,176.0,0,0,0
2014-12-29,55.0,49.0,42.0,46.0,42.0,37.0,92.0,76.0,59.0,30.24,30.18,30.12,10.0,10.0,7.0,13.0,3.0,16.0,0.0,4.0,318.0,0,0,0
2014-12-30,55.0,47.0,38.0,37.0,23.0,14.0,82.0,53.0,24.0,30.25,30.16,30.11,10.0,10.0,10.0,41.0,17.0,53.0,0.0,0.0,1.0,0,0,0
2014-12-31,59.0,48.0,36.0,36.0,17.0,5.0,67.0,41.0,15.0,30.27,30.17,30.07,10.0,10.0,10.0,21.0,7.0,28.0,0.0,1.0,8.0,0,0,0
2015-01-01,56.0,47.0,38.0,27.0,20.0,14.0,54.0,37.0,20.0,30.18,30.13,30.07,10.0,10.0,10.0,23.0,8.0,28.0,0.0,1.0,40.0,0,0,0
2015-01-02,50.0,41.0,32.0,36.0,30.0,25.0,76.0,64.0,52.0,30.23,30.18,30.13,10.0,10.0,9.0,8.0,4.0,10.0,0.0,1.0,63.0,0,0,0
2015-01-03,53.0,43.0,32.0,38.0,34.0,28.0,82.0,66.0,50.0,30.33,30.26,30.2,10.0,10.0,8.0,12.0,2.0,14.0,0.0,1.0,305.0,0,0,0
2015-01-04,54.0,45.0,35.0,42.0,37.0,33.0,85.0,72.0,59.0,30.44,30.38,30.32,10.0,8.0,6.0,14.0,3.0,17.0,0.0,5.0,154.0,0,0,0
2015-01-05,56.0,46.0,36.0,43.0,38.0,32.0,85.0,68.0,50.0,30.39,30.32,30.23,10.0,9.0,6.0,8.0,3.0,9.0,0.0,4.0,170.0,0,0,0
2015-01-06,59.0,49.0,38.0,44.0,39.0,36.0,92.0,72.0,51.0,30.29,30.22,30.17,10.0,8.0,5.0,8.0,2.0,12.0,0.0,0.0,224.0,0,0,0
2015-01-07,64.0,51.0,38.0,47.0,42.0,37.0,92.0,69.0,46.0,30.23,30.15,30.08,10.0,10.0,8.0,8.0,2.0,9.0,0.0,1.0,235.0,0,0,0
2015-01-08,61.0,52.0,42.0,48.0,45.0,38.0,92.0,76.0,60.0,30.1,30.05,30.01,10.0,8.0,5.0,8.0,2.0,9.0,0.0,6.0,332.0,0,0,0
2015-01-09,63.0,55.0,46.0,50.0,47.0,45.0,96.0,74.0,52.0,30.04,30.0,29.97,10.0,7.0,3.0,9.0,4.0,12.0,0.0,7.0,299.0,0,0,0
2015-01-10,60.0,54.0,47.0,52.0,49.0,45.0,93.0,83.0,72.0,30.05,30.0,29.96,10.0,7.0,4.0,8.0,3.0,10.0,0.0,6.0,280.0,0,0,0
2015-01-11,57.0,50.0,42.0,50.0,46.0,42.0,96.0,87.0,77.0,30.18,30.09,30.02,10.0,6.0,0.0,8.0,3.0,25.0,0.0,5.0,143.0,0,0,0
2015-01-12,57.0,49.0,41.0,50.0,46.0,41.0,96.0,87.0,77.0,30.28,30.22,30.19,10.0,7.0,0.0,8.0,2.0,10.0,0.0,3.0,246.0,0,0,0
2015-01-13,66.0,55.0,43.0,48.0,43.0,37.0,100.0,69.0,37.0,30.23,30.18,30.12,10.0,6.0,0.0,16.0,3.0,21.0,0.0,2.0,135.0,0,0,0
2015-01-14,59.0,49.0,39.0,47.0,43.0,36.0,93.0,78.0,62.0,30.3,30.22,30.16,10.0,7.0,4.0,12.0,3.0,13.0,0.0,3.0,47.0,0,0,0
2015-01-15,59.0,50.0,40.0,49.0,45.0,39.0,100.0,84.0,67.0,30.34,30.28,30.23,6.0,4.0,0.0,13.0,4.0,16.0,0.0,5.0,287.0,0,0,0
2015-01-16,57.0,50.0,43.0,52.0,48.0,43.0,96.0,84.0,72.0,30.3,30.26,30.23,8.0,4.0,2.0,10.0,3.0,12.0,0.15,6.0,349.0,1,0,0
2015-01-17,57.0,53.0,48.0,52.0,49.0,46.0,96.0,84.0,72.0,30.3,30.26,30.21,10.0,7.0,4.0,12.0,5.0,15.0,0.0,5.0,188.0,0,0,0
2015-01-18,65.0,57.0,49.0,55.0,52.0,48.0,100.0,87.0,73.0,30.34,30.29,30.26,10.0,5.0,0.0,13.0,4.0,14.0,0.0,6.0,302.0,0,0,0
2015-01-19,63.0,55.0,47.0,54.0,50.0,45.0,93.0,77.0,60.0,30.32,30.25,30.18,10.0,9.0,4.0,14.0,5.0,16.0,0.0,5.0,9.0,0,0,0
2015-01-20,58.0,52.0,45.0,49.0,47.0,42.0,100.0,86.0,72.0,30.18,30.12,30.06,10.0,6.0,0.0,7.0,2.0,24.0,0.0,2.0,282.0,0,0,0
2015-01-21,61.0,51.0,40.0,45.0,41.0,37.0,92.0,73.0,53.0,30.18,30.13,30.08,10.0,10.0,8.0,14.0,5.0,16.0,0.0,1.0,42.0,0,0,0
2015-01-22,60.0,51.0,41.0,46.0,42.0,36.0,89.0,73.0,57.0,30.35,30.28,30.19,10.0,9.0,6.0,14.0,6.0,18.0,0.0,2.0,83.0,0,0,0
2015-01-23,64.0,52.0,39.0,48.0,42.0,38.0,89.0,66.0,43.0,30.37,30.31,30.23,10.0,9.0,5.0,10.0,3.0,15.0,0.0,1.0,302.0,0,0,0
2015-01-24,69.0,58.0,46.0,47.0,44.0,37.0,93.0,63.0,33.0,30.24,30.17,30.1,10.0,9.0,7.0,22.0,7.0,26.0,0.0,0.0,2.0,0,0,0
2015-01-25,59.0,50.0,40.0,45.0,41.0,37.0,86.0,70.0,53.0,30.15,30.09,30.01,10.0,10.0,7.0,9.0,4.0,12.0,0.0,0.0,47.0,0,0,0
2015-01-26,61.0,51.0,41.0,49.0,44.0,38.0,92.0,72.0,51.0,30.05,30.01,29.97,10.0,10.0,9.0,9.0,3.0,14.0,0.0,5.0,310.0,0,0,0
2015-01-27,67.0,57.0,47.0,49.0,46.0,43.0,83.0,64.0,44.0,30.27,30.17,30.03,10.0,10.0,10.0,12.0,4.0,13.0,0.0,6.0,9.0,0,0,0
2015-01-28,63.0,53.0,43.0,51.0,46.0,42.0,93.0,73.0,52.0,30.28,30.22,30.17,10.0,10.0,6.0,9.0,3.0,12.0,0.0,2.0,265.0,0,0,0
2015-01-29,64.0,53.0,42.0,51.0,48.0,41.0,96.0,81.0,65.0,30.17,30.12,30.07,10.0,8.0,6.0,8.0,3.0,14.0,0.0,1.0,273.0,0,0,0
2015-01-30,62.0,54.0,46.0,52.0,48.0,44.0,100.0,87.0,67.0,30.06,29.99,29.91,10.0,8.0,5.0,16.0,5.0,17.0,0.0,3.0,269.0,0,0,0
2015-01-31,73.0,59.0,44.0,48.0,40.0,28.0,100.0,61.0,22.0,30.06,29.97,29.91,10.0,10.0,7.0,15.0,4.0,20.0,0.0,1.0,276.0,0,0,0
2015-02-01,65.0,53.0,40.0,48.0,42.0,37.0,83.0,62.0,40.0,30.19,30.13,30.06,10.0,10.0,9.0,12.0,3.0,14.0,0.0,5.0,284.0,0,0,0
2015-02-02,65.0,54.0,43.0,51.0,47.0,41.0,100.0,83.0,65.0,30.2,30.14,30.09,10.0,8.0,6.0,9.0,3.0,12.0,0.0,4.0,268.0,0,0,0
2015-02-03,67.0,57.0,47.0,52.0,50.0,47.0,93.0,76.0,58.0,30.14,30.09,30.05,10.0,9.0,6.0,13.0,3.0,15.0,0.0,5.0,276.0,0,0,0
2015-02-04,64.0,55.0,46.0,53.0,50.0,45.0,100.0,86.0,72.0,30.09,30.06,30.02,10.0,6.0,0.0,15.0,5.0,17.0,0.0,5.0,254.0,0,0,0
2015-02-05,63.0,56.0,48.0,50.0,48.0,46.0,89.0,75.0,60.0,30.05,29.98,29.9,10.0,10.0,8.0,28.0,6.0,35.0,0.0,7.0,141.0,0,0,0
2015-02-06,63.0,61.0,58.0,58.0,54.0,47.0,93.0,77.0,60.0,29.93,29.85,29.8,10.0,6.0,2.0,33.0,22.0,40.0,0.91,8.0,150.0,0,1,0
2015-02-07,64.0,59.0,54.0,61.0,57.0,52.0,93.0,89.0,84.0,30.08,30.02,29.93,10.0,9.0,4.0,28.0,6.0,35.0,0.03,6.0,182.0,0,1,0
2015-02-08,63.0,58.0,53.0,57.0,55.0,52.0,93.0,83.0,72.0,30.06,29.95,29.89,10.0,8.0,1.0,36.0,15.0,44.0,0.99,7.0,156.0,0,1,0
2015-02-09,64.0,57.0,49.0,55.0,52.0,45.0,89.0,78.0,67.0,30.27,30.2,30.08,10.0,10.0,7.0,22.0,8.0,26.0,0.15,4.0,229.0,0,0,0
2015-02-10,63.0,54.0,44.0,50.0,45.0,41.0,93.0,71.0,49.0,30.23,30.17,30.1,10.0,10.0,10.0,12.0,4.0,14.0,0.0,3.0,292.0,0,0,0
2015-02-11,64.0,53.0,42.0,50.0,46.0,41.0,96.0,78.0,60.0,30.19,30.15,30.11,10.0,10.0,10.0,8.0,3.0,10.0,0.0,4.0,210.0,0,0,0
2015-02-12,69.0,58.0,47.0,53.0,48.0,44.0,83.0,68.0,52.0,30.22,30.17,30.13,10.0,10.0,10.0,9.0,2.0,17.0,0.0,3.0,278.0,0,0,0
2015-02-13,70.0,58.0,46.0,54.0,50.0,43.0,89.0,70.0,51.0,30.17,30.1,30.06,10.0,10.0,10.0,10.0,3.0,13.0,0.0,1.0,304.0,0,0,0
2015-02-14,71.0,59.0,47.0,54.0,50.0,46.0,96.0,75.0,53.0,30.12,30.07,30.03,10.0,10.0,10.0,12.0,4.0,14.0,0.0,1.0,324.0,0,0,0
2015-02-15,70.0,58.0,45.0,52.0,47.0,41.0,93.0,67.0,40.0,30.06,30.01,29.97,10.0,10.0,10.0,9.0,3.0,13.0,0.0,2.0,206.0,0,0,0
2015-02-16,71.0,59.0,46.0,54.0,49.0,42.0,93.0,73.0,53.0,30.04,30.0,29.96,10.0,9.0,6.0,17.0,6.0,20.0,0.0,3.0,313.0,0,0,0
2015-02-17,58.0,56.0,53.0,51.0,49.0,45.0,93.0,80.0,66.0,30.19,30.13,30.04,10.0,8.0,4.0,10.0,6.0,13.0,0.15,8.0,281.0,0,0,0
2015-02-18,64.0,57.0,50.0,53.0,49.0,45.0,93.0,79.0,64.0,30.24,30.18,30.12,10.0,10.0,7.0,12.0,5.0,13.0,0.0,4.0,288.0,0,0,0
2015-02-19,61.0,56.0,50.0,52.0,51.0,50.0,96.0,84.0,72.0,30.17,30.13,30.06,10.0,8.0,4.0,14.0,5.0,17.0,0.0,7.0,271.0,0,0,0
2015-02-20,65.0,59.0,52.0,53.0,51.0,47.0,93.0,73.0,52.0,30.09,30.02,29.94,10.0,8.0,4.0,12.0,3.0,15.0,0.15,4.0,220.0,0,0,0
2015-02-21,68.0,57.0,46.0,51.0,47.0,39.0,93.0,67.0,40.0,29.98,29.91,29.84,10.0,10.0,9.0,17.0,5.0,21.0,0.0,2.0,319.0,0,0,0
2015-02-22,67.0,56.0,45.0,48.0,36.0,20.0,100.0,61.0,22.0,29.89,29.86,29.83,10.0,9.0,0.0,24.0,8.0,35.0,0.0,1.0,360.0,0,0,0
2015-02-23,64.0,54.0,44.0,28.0,20.0,12.0,53.0,35.0,17.0,30.23,30.06,29.89,10.0,10.0,10.0,24.0,7.0,31.0,0.0,1.0,353.0,0,0,0
2015-02-24,64.0,50.0,36.0,49.0,37.0,22.0,89.0,58.0,27.0,30.37,30.31,30.25,10.0,10.0,10.0,12.0,5.0,17.0,0.0,2.0,244.0,0,0,0
2015-02-25,65.0,55.0,45.0,50.0,45.0,41.0,93.0,70.0,46.0,30.31,30.23,30.1,10.0,10.0,8.0,17.0,5.0,20.0,0.0,3.0,260.0,0,0,0
2015-02-26,67.0,56.0,45.0,52.0,49.0,43.0,93.0,76.0,58.0,30.09,30.02,29.92,10.0,9.0,6.0,16.0,6.0,21.0,0.0,3.0,259.0,0,0,0
2015-02-27,63.0,56.0,48.0,50.0,46.0,42.0,80.0,68.0,56.0,29.92,29.83,29.74,10.0,10.0,10.0,38.0,19.0,45.0,0.0,2.0,288.0,0,0,0
2015-02-28,59.0,52.0,44.0,46.0,44.0,41.0,92.0,74.0,55.0,29.92,29.81,29.73,10.0,10.0,4.0,22.0,7.0,25.0,0.07,4.0,257.0,0,0,1
2015-03-01,63.0,54.0,44.0,47.0,41.0,33.0,92.0,64.0,36.0,30.0,29.95,29.91,10.0,10.0,10.0,17.0,7.0,21.0,0.0,1.0,294.0,0,0,0
2015-03-02,59.0,52.0,45.0,47.0,44.0,40.0,86.0,69.0,51.0,29.99,29.86,29.81,10.0,10.0,10.0,15.0,5.0,23.0,0.15,5.0,174.0,0,0,0
2015-03-03,64.0,53.0,42.0,47.0,43.0,39.0,89.0,71.0,52.0,30.06,30.01,29.97,10.0,10.0,10.0,16.0,5.0,18.0,0.0,2.0,282.0,0,0,0
2015-03-04,67.0,54.0,41.0,47.0,40.0,35.0,89.0,61.0,32.0,30.23,30.13,30.04,10.0,10.0,10.0,7.0,4.0,24.0,0.0,0.0,294.0,0,0,0
2015-03-05,70.0,56.0,42.0,47.0,41.0,36.0,76.0,57.0,37.0,30.35,30.28,30.24,10.0,10.0,10.0,13.0,4.0,24.0,0.0,0.0,312.0,0,0,0
2015-03-06,71.0,57.0,42.0,50.0,43.0,36.0,83.0,60.0,37.0,30.3,30.23,30.14,10.0,10.0,10.0,10.0,4.0,24.0,0.0,0.0,306.0,0,0,0
2015-03-07,71.0,58.0,45.0,52.0,46.0,41.0,89.0,65.0,41.0,30.14,30.08,30.01,10.0,10.0,10.0,13.0,6.0,30.0,0.0,1.0,292.0,0,0,0
2015-03-08,65.0,55.0,44.0,51.0,48.0,43.0,93.0,77.0,60.0,30.13,30.07,30.01,10.0,8.0,5.0,18.0,7.0,21.0,0.0,3.0,285.0,0,0,0
2015-03-09,65.0,57.0,48.0,51.0,49.0,47.0,100.0,82.0,63.0,30.08,30.01,29.93,10.0,9.0,6.0,15.0,6.0,17.0,0.0,5.0,268.0,0,0,0
2015-03-10,63.0,56.0,48.0,52.0,50.0,46.0,100.0,86.0,72.0,30.03,29.96,29.93,10.0,5.0,0.0,25.0,5.0,29.0,0.0,8.0,292.0,0,0,0
2015-03-11,65.0,58.0,51.0,56.0,51.0,43.0,100.0,72.0,44.0,30.26,30.14,30.01,10.0,10.0,8.0,15.0,5.0,17.0,0.02,5.0,308.0,0,1,0
2015-03-12,73.0,60.0,46.0,54.0,51.0,46.0,100.0,72.0,44.0,30.29,30.22,30.14,10.0,10.0,10.0,14.0,5.0,15.0,0.0,3.0,282.0,0,0,0
2015-03-13,74.0,61.0,48.0,55.0,52.0,47.0,93.0,66.0,38.0,30.18,30.14,30.08,10.0,10.0,10.0,15.0,4.0,20.0,0.0,5.0,291.0,0,0,0
2015-03-14,80.0,66.0,52.0,57.0,52.0,44.0,93.0,66.0,38.0,30.12,30.05,29.96,10.0,10.0,10.0,13.0,5.0,15.0,0.0,6.0,297.0,0,0,0
2015-03-15,69.0,62.0,54.0,53.0,47.0,41.0,83.0,62.0,40.0,30.09,30.04,29.98,10.0,10.0,10.0,20.0,5.0,23.0,0.0,6.0,308.0,0,0,0
2015-03-16,68.0,61.0,53.0,54.0,50.0,46.0,83.0,66.0,48.0,30.06,30.03,30.01,10.0,10.0,10.0,13.0,5.0,14.0,0.0,7.0,281.0,0,0,0
2015-03-17,66.0,59.0,51.0,53.0,49.0,46.0,86.0,69.0,52.0,30.14,30.08,30.04,10.0,10.0,10.0,23.0,9.0,29.0,0.0,5.0,269.0,0,0,0
2015-03-18,68.0,58.0,48.0,51.0,48.0,45.0,93.0,71.0,48.0,30.08,30.05,30.01,10.0,10.0,10.0,17.0,6.0,21.0,0.0,1.0,260.0,0,0,0
2015-03-19,73.0,60.0,47.0,52.0,49.0,43.0,93.0,64.0,35.0,30.08,30.05,30.0,10.0,10.0,10.0,18.0,6.0,21.0,0.0,2.0,294.0,0,0,0
2015-03-20,66.0,57.0,48.0,52.0,48.0,41.0,93.0,71.0,49.0,30.17,30.11,30.06,10.0,10.0,10.0,18.0,6.0,22.0,0.0,5.0,292.0,0,0,0
2015-03-21,71.0,63.0,54.0,54.0,53.0,51.0,86.0,70.0,53.0,30.19,30.15,30.1,10.0,10.0,7.0,18.0,6.0,20.0,0.0,7.0,262.0,0,0,0
2015-03-22,66.0,60.0,54.0,56.0,52.0,48.0,93.0,78.0,63.0,30.2,30.16,30.13,10.0,10.0,9.0,18.0,9.0,29.0,0.02,7.0,197.0,0,1,0
2015-03-23,64.0,59.0,53.0,54.0,49.0,42.0,93.0,71.0,48.0,30.32,30.25,30.2,10.0,10.0,10.0,21.0,10.0,29.0,0.05,6.0,272.0,0,0,0
2015-03-24,65.0,59.0,53.0,54.0,50.0,43.0,83.0,73.0,63.0,30.32,30.28,30.23,10.0,10.0,7.0,21.0,7.0,23.0,0.15,6.0,286.0,0,0,0
2015-03-25,72.0,60.0,48.0,53.0,50.0,46.0,93.0,70.0,47.0,30.25,30.2,30.16,10.0,10.0,10.0,16.0,6.0,22.0,0.0,1.0,270.0,0,0,0
2015-03-26,80.0,65.0,50.0,56.0,52.0,48.0,93.0,68.0,42.0,30.18,30.12,30.05,10.0,10.0,10.0,14.0,5.0,15.0,0.0,0.0,297.0,0,0,0
2015-03-27,64.0,58.0,52.0,54.0,52.0,49.0,96.0,82.0,67.0,30.18,30.14,30.09,10.0,10.0,10.0,21.0,9.0,23.0,0.0,2.0,295.0,0,0,0
2015-03-28,74.0,61.0,48.0,55.0,49.0,46.0,93.0,69.0,44.0,30.2,30.14,30.08,10.0,10.0,10.0,24.0,6.0,26.0,0.0,2.0,267.0,0,0,0
2015-03-29,73.0,60.0,47.0,52.0,49.0,45.0,93.0,67.0,41.0,30.13,30.08,30.01,10.0,10.0,10.0,18.0,6.0,22.0,0.0,1.0,309.0,0,0,0
2015-03-30,65.0,56.0,47.0,51.0,48.0,44.0,89.0,75.0,60.0,30.08,30.05,30.02,10.0,10.0,7.0,21.0,8.0,23.0,0.0,4.0,270.0,0,0,0
2015-03-31,68.0,62.0,55.0,52.0,47.0,40.0,86.0,64.0,42.0,30.19,30.14,30.07,10.0,10.0,10.0,28.0,16.0,38.0,0.0,1.0,285.0,0,0,0
2015-04-01,65.0,55.0,45.0,45.0,38.0,30.0,80.0,56.0,32.0,30.19,30.14,30.08,10.0,10.0,10.0,24.0,9.0,26.0,0.0,2.0,301.0,0,0,0
2015-04-02,69.0,59.0,48.0,45.0,38.0,29.0,80.0,52.0,24.0,30.21,30.17,30.13,10.0,10.0,10.0,22.0,10.0,26.0,0.0,0.0,312.0,0,0,0
2015-04-03,67.0,56.0,44.0,46.0,42.0,40.0,83.0,63.0,43.0,30.24,30.17,30.11,10.0,10.0,7.0,18.0,8.0,21.0,0.0,0.0,256.0,0,0,0
2015-04-04,64.0,54.0,43.0,47.0,41.0,38.0,93.0,67.0,40.0,30.12,30.05,29.97,10.0,10.0,10.0,26.0,11.0,32.0,0.0,4.0,278.0,0,0,0
2015-04-05,58.0,54.0,50.0,48.0,43.0,38.0,83.0,69.0,54.0,29.98,29.93,29.91,10.0,9.0,2.0,21.0,11.0,24.0,0.11,5.0,252.0,0,1,0
2015-04-06,63.0,54.0,44.0,43.0,40.0,37.0,83.0,63.0,42.0,29.99,29.93,29.85,10.0,10.0,10.0,25.0,13.0,29.0,0.0,4.0,167.0,0,0,0
2015-04-07,61.0,55.0,48.0,48.0,45.0,40.0,93.0,72.0,51.0,30.06,29.88,29.77,10.0,8.0,4.0,30.0,15.0,40.0,0.52,6.0,235.0,0,1,0
2015-04-08,63.0,55.0,47.0,50.0,44.0,38.0,86.0,65.0,43.0,30.19,30.13,30.07,10.0,10.0,10.0,16.0,8.0,20.0,0.01,4.0,299.0,0,1,0
2015-04-09,67.0,55.0,43.0,47.0,43.0,36.0,92.0,63.0,34.0,30.09,30.02,29.96,10.0,10.0,10.0,17.0,6.0,20.0,0.0,4.0,289.0,0,0,0
2015-04-10,66.0,56.0,46.0,48.0,43.0,38.0,89.0,63.0,37.0,30.06,30.03,29.98,10.0,10.0,10.0,16.0,7.0,18.0,0.0,2.0,282.0,0,0,0
2015-04-11,72.0,60.0,47.0,52.0,48.0,43.0,93.0,70.0,47.0,30.1,30.05,30.01,10.0,10.0,10.0,20.0,7.0,23.0,0.0,4.0,279.0,0,0,0
2015-04-12,73.0,61.0,48.0,54.0,49.0,45.0,100.0,70.0,40.0,30.06,30.02,29.96,10.0,10.0,10.0,14.0,6.0,16.0,0.0,1.0,280.0,0,0,0
2015-04-13,62.0,56.0,50.0,50.0,47.0,45.0,89.0,72.0,55.0,30.17,30.09,30.02,10.0,10.0,7.0,29.0,15.0,36.0,0.0,4.0,276.0,0,0,0
2015-04-14,65.0,57.0,48.0,44.0,36.0,27.0,71.0,48.0,25.0,30.35,30.27,30.16,10.0,10.0,10.0,25.0,13.0,29.0,0.0,1.0,313.0,0,0,0
2015-04-15,71.0,59.0,47.0,46.0,39.0,31.0,72.0,50.0,28.0,30.23,30.12,30.01,10.0,10.0,10.0,22.0,8.0,25.0,0.0,1.0,303.0,0,0,0
2015-04-16,81.0,65.0,48.0,48.0,36.0,25.0,80.0,47.0,13.0,30.06,30.02,29.97,10.0,10.0,10.0,22.0,8.0,28.0,0.0,0.0,329.0,0,0,0
2015-04-17,72.0,60.0,48.0,48.0,45.0,40.0,86.0,63.0,40.0,30.1,30.06,30.02,10.0,10.0,10.0,20.0,7.0,23.0,0.0,0.0,293.0,0,0,0
2015-04-18,67.0,58.0,49.0,50.0,48.0,47.0,89.0,69.0,48.0,30.07,30.01,29.93,10.0,10.0,9.0,20.0,9.0,23.0,0.0,3.0,303.0,0,0,0
2015-04-19,63.0,56.0,49.0,50.0,49.0,48.0,93.0,77.0,60.0,29.99,29.95,29.9,10.0,9.0,6.0,20.0,9.0,23.0,0.0,6.0,298.0,0,0,0
2015-04-20,63.0,58.0,53.0,50.0,49.0,48.0,83.0,72.0,60.0,29.92,29.89,29.85,10.0,10.0,10.0,22.0,12.0,24.0,0.0,6.0,277.0,0,0,0
2015-04-21,61.0,57.0,53.0,49.0,48.0,48.0,83.0,74.0,64.0,29.93,29.88,29.86,10.0,10.0,10.0,21.0,14.0,25.0,0.15,7.0,249.0,0,0,0
2015-04-22,66.0,59.0,52.0,49.0,48.0,46.0,89.0,73.0,56.0,29.92,29.88,29.85,10.0,10.0,9.0,22.0,9.0,25.0,0.0,5.0,231.0,0,0,0
2015-04-23,64.0,58.0,52.0,49.0,46.0,45.0,83.0,70.0,56.0,29.91,29.88,29.86,10.0,10.0,7.0,22.0,10.0,24.0,0.0,5.0,234.0,0,0,0
2015-04-24,63.0,58.0,52.0,53.0,47.0,43.0,89.0,69.0,48.0,30.03,29.99,29.9,10.0,10.0,5.0,29.0,19.0,33.0,0.08,5.0,258.0,0,1,0
2015-04-25,63.0,57.0,51.0,55.0,49.0,44.0,93.0,77.0,60.0,30.06,29.96,29.89,10.0,9.0,6.0,26.0,15.0,31.0,0.14,6.0,268.0,0,1,0
2015-04-26,69.0,58.0,47.0,51.0,46.0,39.0,83.0,63.0,43.0,30.16,30.1,30.06,10.0,10.0,10.0,20.0,7.0,23.0,0.0,3.0,271.0,0,0,0
2015-04-27,81.0,66.0,50.0,55.0,51.0,47.0,89.0,64.0,38.0,30.06,30.01,29.94,10.0,10.0,10.0,22.0,9.0,25.0,0.15,2.0,270.0,0,0,0
2015-04-28,63.0,58.0,52.0,51.0,49.0,48.0,89.0,77.0,65.0,30.08,30.04,30.01,10.0,10.0,10.0,18.0,9.0,22.0,0.0,6.0,250.0,0,0,0
2015-04-29,66.0,59.0,51.0,48.0,47.0,45.0,89.0,69.0,48.0,30.04,29.99,29.91,10.0,9.0,6.0,20.0,8.0,23.0,0.0,3.0,249.0,0,0,0
2015-04-30,84.0,67.0,49.0,54.0,48.0,42.0,83.0,55.0,26.0,29.9,29.84,29.77,10.0,10.0,8.0,15.0,6.0,22.0,0.0,1.0,296.0,0,0,0
2015-05-01,76.0,65.0,53.0,54.0,51.0,48.0,93.0,71.0,49.0,29.92,29.86,29.8,10.0,10.0,9.0,20.0,9.0,23.0,0.0,2.0,312.0,0,0,0
2015-05-02,65.0,59.0,52.0,50.0,49.0,47.0,89.0,75.0,60.0,29.91,29.88,29.84,10.0,10.0,10.0,20.0,9.0,24.0,0.0,4.0,311.0,0,0,0
2015-05-03,64.0,58.0,52.0,48.0,47.0,46.0,83.0,68.0,52.0,29.93,29.9,29.86,10.0,10.0,10.0,20.0,11.0,23.0,0.0,5.0,274.0,0,0,0
2015-05-04,59.0,55.0,51.0,47.0,46.0,45.0,83.0,73.0,62.0,30.01,29.97,29.93,10.0,10.0,7.0,20.0,11.0,23.0,0.0,7.0,251.0,0,0,0
2015-05-05,62.0,57.0,51.0,47.0,46.0,45.0,83.0,72.0,60.0,29.98,29.95,29.91,10.0,10.0,8.0,18.0,11.0,25.0,0.0,5.0,225.0,0,0,0
2015-05-06,66.0,58.0,50.0,47.0,46.0,44.0,83.0,68.0,52.0,29.92,29.86,29.81,10.0,10.0,7.0,17.0,9.0,20.0,0.0,3.0,218.0,0,0,0
2015-05-07,67.0,57.0,47.0,47.0,45.0,42.0,83.0,64.0,45.0,29.81,29.77,29.73,10.0,10.0,7.0,17.0,6.0,20.0,0.15,5.0,204.0,0,1,0
2015-05-08,65.0,56.0,46.0,49.0,47.0,43.0,86.0,71.0,56.0,30.04,29.89,29.77,10.0,10.0,8.0,18.0,9.0,22.0,0.0,3.0,293.0,0,0,0
2015-05-09,63.0,58.0,52.0,49.0,48.0,46.0,83.0,72.0,60.0,30.12,30.09,30.06,10.0,10.0,10.0,21.0,11.0,23.0,0.0,6.0,263.0,0,0,0
2015-05-10,62.0,57.0,51.0,48.0,47.0,46.0,89.0,75.0,60.0,30.1,30.06,29.99,10.0,10.0,7.0,16.0,9.0,20.0,0.0,6.0,259.0,0,0,0
2015-05-11,62.0,57.0,52.0,49.0,47.0,45.0,83.0,72.0,60.0,29.99,29.95,29.87,10.0,10.0,7.0,28.0,14.0,31.0,0.0,5.0,254.0,0,0,0
2015-05-12,65.0,58.0,51.0,45.0,43.0,41.0,77.0,60.0,43.0,29.96,29.93,29.87,10.0,10.0,10.0,28.0,18.0,33.0,0.0,3.0,275.0,0,0,0
2015-05-13,63.0,57.0,51.0,48.0,44.0,42.0,77.0,63.0,48.0,29.99,29.95,29.91,10.0,10.0,10.0,21.0,12.0,24.0,0.0,5.0,268.0,0,0,0
2015-05-14,66.0,60.0,53.0,50.0,48.0,45.0,77.0,67.0,56.0,29.9,29.85,29.8,10.0,10.0,10.0,18.0,9.0,24.0,0.15,7.0,232.0,0,1,0
2015-05-15,62.0,57.0,52.0,49.0,48.0,46.0,83.0,70.0,56.0,29.97,29.92,29.86,10.0,10.0,10.0,26.0,13.0,32.0,0.0,6.0,269.0,0,0,0
2015-05-16,61.0,57.0,53.0,49.0,48.0,47.0,83.0,74.0,64.0,30.04,30.0,29.95,10.0,10.0,10.0,18.0,12.0,26.0,0.0,7.0,250.0,0,0,0
2015-05-17,64.0,59.0,54.0,48.0,48.0,47.0,83.0,72.0,60.0,30.06,30.04,30.01,10.0,10.0,10.0,22.0,13.0,24.0,0.0,7.0,264.0,0,0,0
2015-05-18,60.0,57.0,54.0,49.0,48.0,46.0,77.0,72.0,67.0,30.12,30.08,30.04,10.0,10.0,10.0,22.0,13.0,25.0,0.0,8.0,264.0,0,0,0
2015-05-19,63.0,59.0,54.0,49.0,48.0,48.0,83.0,74.0,64.0,30.12,30.08,30.01,10.0,10.0,10.0,21.0,12.0,23.0,0.15,8.0,257.0,0,0,0
2015-05-20,68.0,61.0,54.0,52.0,49.0,48.0,86.0,75.0,64.0,30.0,29.98,29.95,10.0,10.0,5.0,16.0,11.0,21.0,0.15,8.0,249.0,0,1,0
2015-05-21,66.0,60.0,54.0,54.0,52.0,51.0,93.0,78.0,63.0,29.99,29.95,29.93,10.0,9.0,4.0,18.0,10.0,21.0,0.15,7.0,255.0,0,1,0
2015-05-22,62.0,59.0,56.0,52.0,51.0,48.0,83.0,74.0,64.0,30.08,30.02,29.98,10.0,10.0,10.0,21.0,12.0,23.0,0.0,8.0,262.0,0,0,0
2015-05-23,62.0,58.0,53.0,50.0,49.0,48.0,83.0,72.0,60.0,30.11,30.08,30.04,10.0,10.0,9.0,20.0,11.0,23.0,0.15,7.0,238.0,0,0,0
2015-05-24,61.0,57.0,52.0,50.0,49.0,48.0,89.0,78.0,67.0,30.06,30.02,29.98,10.0,10.0,9.0,20.0,11.0,24.0,0.15,7.0,248.0,0,0,0
2015-05-25,63.0,58.0,52.0,50.0,49.0,48.0,89.0,75.0,60.0,30.01,29.98,29.96,10.0,10.0,9.0,20.0,12.0,24.0,0.15,8.0,257.0,0,0,0
2015-05-26,65.0,59.0,53.0,50.0,49.0,48.0,89.0,73.0,56.0,30.03,30.0,29.98,10.0,10.0,7.0,18.0,11.0,24.0,0.15,7.0,261.0,0,1,0
2015-05-27,63.0,58.0,53.0,50.0,49.0,48.0,89.0,75.0,60.0,30.04,30.02,30.0,10.0,10.0,10.0,21.0,12.0,24.0,0.0,6.0,269.0,0,0,0
2015-05-28,63.0,58.0,52.0,52.0,50.0,48.0,89.0,77.0,65.0,30.07,30.03,29.99,10.0,10.0,10.0,21.0,10.0,23.0,0.15,7.0,267.0,0,0,0
2015-05-29,62.0,57.0,52.0,50.0,49.0,48.0,89.0,79.0,69.0,30.02,29.99,29.95,10.0,10.0,10.0,18.0,10.0,22.0,0.15,7.0,266.0,0,0,0
2015-05-30,66.0,59.0,51.0,52.0,50.0,49.0,93.0,78.0,63.0,29.99,29.95,29.91,10.0,10.0,10.0,24.0,9.0,28.0,0.0,7.0,280.0,0,0,0
2015-05-31,65.0,59.0,52.0,50.0,48.0,46.0,89.0,73.0,56.0,29.99,29.95,29.92,10.0,10.0,7.0,24.0,11.0,28.0,0.0,7.0,267.0,0,0,0
2015-06-01,73.0,65.0,57.0,55.0,53.0,50.0,87.0,68.0,49.0,30.06,30.03,29.97,10.0,9.0,2.0,21.0,10.0,24.0,0.15,6.0,233.0,0,1,0
2015-06-02,65.0,61.0,56.0,55.0,53.0,51.0,93.0,78.0,63.0,30.08,30.04,29.98,10.0,10.0,10.0,20.0,11.0,25.0,0.0,6.0,257.0,0,0,0
2015-06-03,65.0,60.0,55.0,52.0,51.0,50.0,86.0,73.0,60.0,29.97,29.94,29.88,10.0,10.0,10.0,22.0,10.0,25.0,0.0,6.0,237.0,0,0,0
2015-06-04,70.0,62.0,53.0,51.0,50.0,48.0,83.0,67.0,51.0,29.87,29.84,29.81,10.0,10.0,9.0,17.0,9.0,26.0,0.0,4.0,226.0,0,0,0
2015-06-05,69.0,61.0,53.0,54.0,52.0,48.0,93.0,74.0,55.0,29.86,29.83,29.81,10.0,10.0,4.0,22.0,9.0,28.0,0.0,4.0,308.0,0,0,0
2015-06-06,71.0,64.0,56.0,55.0,54.0,53.0,93.0,75.0,57.0,29.94,29.89,29.85,10.0,10.0,10.0,22.0,9.0,28.0,0.0,6.0,314.0,0,0,0
2015-06-07,73.0,65.0,56.0,55.0,54.0,53.0,93.0,73.0,53.0,29.94,29.9,29.84,10.0,10.0,10.0,20.0,8.0,22.0,0.0,4.0,302.0,0,0,0
2015-06-08,88.0,72.0,56.0,57.0,55.0,53.0,87.0,59.0,31.0,29.88,29.84,29.75,10.0,10.0,10.0,20.0,8.0,23.0,0.0,1.0,302.0,0,0,0
2015-06-09,77.0,66.0,55.0,57.0,54.0,52.0,93.0,68.0,43.0,29.92,29.88,29.82,10.0,10.0,10.0,30.0,6.0,32.0,0.0,6.0,294.0,0,0,0
2015-06-10,70.0,64.0,58.0,63.0,58.0,55.0,97.0,88.0,78.0,29.94,29.9,29.87,10.0,9.0,4.0,15.0,6.0,17.0,0.18,7.0,302.0,1,0,0
2015-06-11,73.0,65.0,57.0,59.0,56.0,54.0,100.0,81.0,61.0,29.92,29.88,29.82,10.0,8.0,1.0,20.0,8.0,23.0,0.0,4.0,295.0,0,0,0
2015-06-12,75.0,65.0,54.0,58.0,55.0,52.0,93.0,71.0,49.0,29.85,29.8,29.75,10.0,9.0,7.0,20.0,9.0,23.0,0.0,0.0,306.0,0,0,0
2015-06-13,72.0,65.0,57.0,57.0,55.0,52.0,93.0,77.0,61.0,29.79,29.77,29.75,10.0,9.0,6.0,21.0,9.0,25.0,0.0,3.0,313.0,0,0,0
2015-06-14,67.0,61.0,55.0,54.0,51.0,48.0,86.0,71.0,56.0,29.87,29.82,29.76,10.0,7.0,5.0,21.0,12.0,24.0,0.0,5.0,280.0,0,0,0
2015-06-15,62.0,58.0,54.0,51.0,50.0,48.0,89.0,78.0,67.0,29.97,29.91,29.86,10.0,9.0,5.0,21.0,11.0,24.0,0.0,7.0,255.0,0,0,0
2015-06-16,68.0,62.0,55.0,52.0,51.0,50.0,83.0,71.0,58.0,29.98,29.95,29.93,10.0,9.0,5.0,20.0,12.0,24.0,0.0,5.0,254.0,0,0,0
2015-06-17,69.0,61.0,53.0,52.0,51.0,48.0,89.0,70.0,51.0,29.95,29.93,29.91,10.0,9.0,4.0,23.0,9.0,25.0,0.0,4.0,287.0,0,0,0
2015-06-18,66.0,59.0,52.0,52.0,50.0,47.0,89.0,73.0,56.0,30.03,29.99,29.94,10.0,9.0,5.0,18.0,10.0,23.0,0.0,3.0,286.0,0,0,0
2015-06-19,71.0,62.0,52.0,53.0,50.0,48.0,89.0,69.0,49.0,30.01,29.99,29.95,10.0,10.0,7.0,18.0,9.0,21.0,0.0,4.0,267.0,0,0,0
2015-06-20,69.0,61.0,52.0,54.0,52.0,49.0,93.0,74.0,55.0,29.94,29.91,29.87,10.0,10.0,6.0,20.0,9.0,22.0,0.0,5.0,303.0,0,0,0
2015-06-21,67.0,62.0,56.0,52.0,50.0,48.0,86.0,69.0,52.0,30.05,30.0,29.91,10.0,9.0,6.0,22.0,12.0,25.0,0.0,4.0,271.0,0,0,0
2015-06-22,64.0,59.0,54.0,52.0,51.0,49.0,86.0,73.0,60.0,30.08,30.04,30.02,10.0,9.0,6.0,21.0,10.0,24.0,0.0,5.0,268.0,0,0,0
2015-06-23,70.0,62.0,53.0,52.0,50.0,48.0,86.0,69.0,51.0,30.03,29.99,29.94,10.0,9.0,6.0,21.0,9.0,24.0,0.0,2.0,261.0,0,0,0
2015-06-24,73.0,64.0,55.0,52.0,51.0,50.0,86.0,68.0,49.0,29.97,29.93,29.89,10.0,10.0,6.0,20.0,9.0,22.0,0.0,3.0,272.0,0,0,0
2015-06-25,79.0,68.0,56.0,57.0,53.0,50.0,83.0,63.0,43.0,29.92,29.89,29.86,10.0,10.0,7.0,18.0,7.0,21.0,0.0,0.0,323.0,0,0,0
2015-06-26,73.0,66.0,58.0,56.0,55.0,53.0,80.0,69.0,57.0,29.97,29.92,29.9,10.0,10.0,6.0,22.0,10.0,29.0,0.0,2.0,316.0,0,0,0
2015-06-27,74.0,66.0,58.0,57.0,55.0,53.0,86.0,70.0,53.0,30.02,29.98,29.95,10.0,10.0,10.0,17.0,9.0,20.0,0.0,6.0,315.0,0,0,0
2015-06-28,72.0,66.0,60.0,57.0,56.0,55.0,84.0,71.0,57.0,30.02,30.0,29.96,10.0,10.0,10.0,22.0,12.0,24.0,0.15,7.0,291.0,0,0,0
2015-06-29,73.0,65.0,57.0,56.0,54.0,52.0,86.0,72.0,57.0,30.04,29.99,29.93,10.0,10.0,10.0,16.0,10.0,21.0,0.0,5.0,272.0,0,0,0
2015-06-30,82.0,70.0,57.0,57.0,55.0,54.0,93.0,66.0,39.0,29.93,29.88,29.81,10.0,10.0,10.0,16.0,8.0,18.0,0.0,3.0,293.0,0,0,0
2015-07-01,76.0,67.0,58.0,57.0,56.0,54.0,87.0,69.0,50.0,29.93,29.88,29.82,10.0,10.0,10.0,24.0,9.0,30.0,0.0,5.0,309.0,0,0,0
2015-07-02,74.0,67.0,60.0,59.0,57.0,55.0,90.0,76.0,61.0,29.98,29.94,29.91,10.0,10.0,10.0,21.0,11.0,23.0,0.0,6.0,313.0,0,0,0
2015-07-03,73.0,67.0,60.0,58.0,57.0,57.0,90.0,76.0,61.0,29.97,29.92,29.88,10.0,10.0,10.0,21.0,11.0,23.0,0.0,5.0,302.0,0,0,0
2015-07-04,71.0,66.0,60.0,58.0,57.0,56.0,90.0,78.0,66.0,29.9,29.88,29.85,10.0,10.0,10.0,21.0,11.0,25.0,0.0,6.0,297.0,0,0,0
2015-07-05,75.0,68.0,61.0,58.0,57.0,55.0,84.0,71.0,57.0,30.01,29.95,29.89,10.0,10.0,10.0,22.0,11.0,26.0,0.0,6.0,288.0,0,0,0
2015-07-06,73.0,67.0,61.0,58.0,56.0,54.0,84.0,69.0,53.0,30.09,30.05,30.01,10.0,10.0,7.0,18.0,13.0,21.0,0.15,5.0,267.0,0,1,0
2015-07-07,73.0,67.0,61.0,58.0,57.0,55.0,84.0,73.0,61.0,30.04,29.99,29.92,10.0,10.0,10.0,21.0,13.0,26.0,0.0,6.0,267.0,0,0,0
2015-07-08,69.0,65.0,60.0,56.0,54.0,52.0,78.0,71.0,63.0,29.92,29.88,29.84,10.0,10.0,10.0,21.0,13.0,28.0,0.0,8.0,265.0,0,0,0
2015-07-09,67.0,63.0,59.0,57.0,55.0,54.0,84.0,76.0,68.0,29.91,29.88,29.83,10.0,9.0,6.0,17.0,10.0,20.0,0.01,8.0,263.0,0,1,0
2015-07-10,73.0,67.0,61.0,56.0,55.0,54.0,84.0,69.0,53.0,29.97,29.93,29.9,10.0,10.0,7.0,16.0,10.0,23.0,0.15,6.0,267.0,0,0,0
2015-07-11,74.0,68.0,61.0,56.0,54.0,52.0,84.0,67.0,49.0,30.0,29.98,29.93,10.0,10.0,10.0,21.0,12.0,26.0,0.0,4.0,270.0,0,0,0
2015-07-12,75.0,69.0,63.0,57.0,56.0,53.0,84.0,65.0,46.0,30.06,30.03,30.0,10.0,10.0,10.0,21.0,11.0,24.0,0.0,6.0,263.0,0,0,0
2015-07-13,74.0,68.0,62.0,58.0,57.0,56.0,84.0,71.0,57.0,30.03,29.99,29.93,10.0,10.0,10.0,24.0,12.0,28.0,0.0,6.0,259.0,0,0,0
2015-07-14,70.0,65.0,60.0,57.0,56.0,55.0,90.0,76.0,61.0,29.95,29.92,29.89,10.0,10.0,6.0,22.0,12.0,28.0,0.15,7.0,250.0,0,0,0
2015-07-15,77.0,68.0,58.0,57.0,56.0,55.0,84.0,67.0,50.0,29.91,29.88,29.86,10.0,10.0,7.0,18.0,10.0,24.0,0.0,4.0,233.0,0,0,0
2015-07-16,76.0,68.0,60.0,58.0,57.0,55.0,90.0,72.0,54.0,29.93,29.9,29.86,10.0,10.0,7.0,20.0,9.0,26.0,0.0,4.0,309.0,0,0,0
2015-07-17,74.0,68.0,61.0,57.0,56.0,55.0,90.0,74.0,57.0,29.88,29.84,29.79,10.0,10.0,8.0,21.0,10.0,24.0,0.0,5.0,303.0,0,0,0
2015-07-18,75.0,68.0,60.0,56.0,55.0,54.0,84.0,67.0,49.0,30.02,29.92,29.84,10.0,10.0,10.0,20.0,9.0,24.0,0.0,3.0,291.0,0,0,0
2015-07-19,87.0,74.0,61.0,58.0,56.0,54.0,78.0,57.0,35.0,30.06,30.04,30.0,10.0,10.0,10.0,16.0,6.0,20.0,0.0,5.0,280.0,0,0,0
2015-07-20,79.0,71.0,62.0,62.0,58.0,56.0,78.0,65.0,52.0,30.02,29.99,29.94,10.0,10.0,10.0,18.0,9.0,21.0,0.0,3.0,271.0,0,0,0
2015-07-21,70.0,65.0,60.0,57.0,56.0,55.0,90.0,76.0,61.0,29.96,29.91,29.86,10.0,10.0,7.0,20.0,11.0,23.0,0.0,6.0,268.0,0,0,0
2015-07-22,69.0,65.0,60.0,56.0,55.0,53.0,84.0,72.0,59.0,29.91,29.88,29.83,10.0,10.0,7.0,22.0,14.0,26.0,0.0,6.0,252.0,0,0,0
2015-07-23,69.0,65.0,60.0,55.0,54.0,53.0,78.0,68.0,57.0,30.05,30.0,29.92,10.0,10.0,7.0,21.0,13.0,25.0,0.0,5.0,250.0,0,0,0
2015-07-24,74.0,67.0,59.0,56.0,54.0,53.0,78.0,64.0,49.0,30.13,30.09,30.05,10.0,10.0,10.0,21.0,11.0,23.0,0.0,4.0,266.0,0,0,0
2015-07-25,70.0,65.0,60.0,56.0,55.0,54.0,84.0,73.0,61.0,30.12,30.07,29.99,10.0,10.0,10.0,21.0,10.0,29.0,0.0,6.0,267.0,0,0,0
2015-07-26,71.0,65.0,58.0,57.0,55.0,53.0,84.0,71.0,57.0,29.98,29.95,29.92,10.0,10.0,9.0,18.0,9.0,24.0,0.0,4.0,253.0,0,0,0
2015-07-27,81.0,69.0,56.0,58.0,54.0,52.0,86.0,61.0,36.0,29.97,29.93,29.89,10.0,10.0,7.0,21.0,9.0,25.0,0.0,0.0,287.0,0,0,0
2015-07-28,87.0,72.0,56.0,59.0,55.0,52.0,86.0,62.0,37.0,29.9,29.87,29.83,10.0,10.0,7.0,18.0,6.0,21.0,0.0,0.0,291.0,0,0,0
2015-07-29,79.0,70.0,60.0,59.0,58.0,56.0,90.0,69.0,48.0,29.96,29.91,29.86,10.0,10.0,7.0,18.0,10.0,23.0,0.0,0.0,316.0,0,0,0
2015-07-30,75.0,68.0,61.0,59.0,58.0,57.0,90.0,74.0,57.0,30.06,30.01,29.97,10.0,10.0,10.0,21.0,11.0,24.0,0.0,5.0,301.0,0,0,0
2015-07-31,72.0,67.0,61.0,59.0,57.0,57.0,90.0,78.0,66.0,30.04,30.01,29.97,10.0,10.0,10.0,20.0,11.0,23.0,0.0,6.0,281.0,0,0,0
2015-08-01,75.0,69.0,62.0,60.0,57.0,55.0,78.0,68.0,57.0,30.03,29.98,29.94,10.0,10.0,10.0,20.0,12.0,24.0,0.0,5.0,276.0,0,0,0
2015-08-02,73.0,68.0,63.0,57.0,56.0,55.0,84.0,71.0,57.0,30.0,29.95,29.91,10.0,10.0,8.0,20.0,12.0,23.0,0.0,6.0,265.0,0,0,0
2015-08-03,75.0,70.0,64.0,57.0,54.0,53.0,78.0,64.0,49.0,29.99,29.96,29.93,10.0,10.0,10.0,22.0,14.0,25.0,0.0,5.0,267.0,0,0,0
2015-08-04,75.0,69.0,62.0,57.0,54.0,52.0,78.0,62.0,46.0,30.02,29.99,29.96,10.0,10.0,10.0,18.0,10.0,22.0,0.0,5.0,269.0,0,0,0
2015-08-05,77.0,67.0,57.0,59.0,56.0,54.0,84.0,69.0,54.0,30.06,30.0,29.92,10.0,10.0,10.0,20.0,8.0,22.0,0.0,3.0,278.0,0,0,0
2015-08-06,72.0,65.0,58.0,58.0,57.0,54.0,93.0,77.0,61.0,29.93,29.87,29.8,10.0,10.0,7.0,21.0,8.0,24.0,0.15,5.0,309.0,0,0,1
2015-08-07,77.0,69.0,61.0,57.0,56.0,54.0,84.0,69.0,53.0,29.91,29.88,29.84,10.0,10.0,10.0,22.0,10.0,24.0,0.0,4.0,271.0,0,0,0
2015-08-08,70.0,66.0,62.0,57.0,56.0,55.0,84.0,73.0,61.0,29.96,29.94,29.91,10.0,10.0,10.0,18.0,11.0,25.0,0.0,6.0,261.0,0,0,0
2015-08-09,72.0,66.0,59.0,59.0,57.0,55.0,90.0,76.0,61.0,29.97,29.94,29.91,10.0,10.0,10.0,21.0,11.0,28.0,0.0,6.0,251.0,0,0,0
2015-08-10,73.0,67.0,60.0,60.0,57.0,54.0,84.0,73.0,61.0,29.98,29.94,29.9,10.0,10.0,10.0,22.0,13.0,25.0,0.0,6.0,262.0,0,0,0
2015-08-11,73.0,67.0,61.0,58.0,56.0,55.0,84.0,69.0,53.0,29.99,29.94,29.91,10.0,10.0,10.0,21.0,11.0,24.0,0.0,5.0,258.0,0,0,0
2015-08-12,78.0,67.0,55.0,61.0,57.0,50.0,93.0,67.0,41.0,30.08,30.03,29.98,10.0,10.0,10.0,18.0,9.0,22.0,0.0,2.0,285.0,0,0,0
2015-08-13,76.0,70.0,64.0,61.0,59.0,56.0,87.0,70.0,53.0,30.07,30.04,30.0,10.0,10.0,10.0,20.0,10.0,24.0,0.0,4.0,278.0,0,0,0
2015-08-14,76.0,69.0,61.0,60.0,58.0,57.0,87.0,71.0,54.0,30.09,30.04,29.99,10.0,10.0,10.0,17.0,9.0,21.0,0.0,4.0,264.0,0,0,0
2015-08-15,92.0,75.0,57.0,61.0,56.0,50.0,86.0,56.0,26.0,30.0,29.95,29.88,10.0,8.0,2.0,15.0,5.0,21.0,0.0,3.0,306.0,0,0,0
2015-08-16,93.0,77.0,61.0,61.0,57.0,47.0,84.0,56.0,27.0,29.91,29.86,29.81,10.0,7.0,4.0,16.0,5.0,20.0,0.0,5.0,297.0,0,0,0
2015-08-17,80.0,70.0,59.0,60.0,58.0,56.0,90.0,69.0,48.0,29.91,29.86,29.82,9.0,7.0,6.0,21.0,10.0,24.0,0.0,1.0,308.0,0,0,0
2015-08-18,75.0,68.0,61.0,58.0,57.0,55.0,90.0,72.0,54.0,29.95,29.91,29.88,10.0,8.0,4.0,18.0,10.0,22.0,0.0,4.0,310.0,0,0,0
2015-08-19,74.0,69.0,63.0,57.0,56.0,54.0,78.0,66.0,53.0,29.96,29.93,29.9,10.0,9.0,7.0,20.0,11.0,23.0,0.0,6.0,273.0,0,0,0
2015-08-20,70.0,66.0,62.0,57.0,55.0,53.0,84.0,71.0,57.0,29.94,29.9,29.86,10.0,10.0,10.0,20.0,12.0,24.0,0.0,6.0,270.0,0,0,0
2015-08-21,69.0,66.0,62.0,57.0,56.0,55.0,78.0,70.0,61.0,29.91,29.88,29.85,10.0,10.0,10.0,21.0,11.0,23.0,0.0,6.0,262.0,0,0,0
2015-08-22,75.0,68.0,61.0,58.0,56.0,55.0,78.0,66.0,53.0,29.95,29.92,29.88,10.0,10.0,10.0,22.0,8.0,25.0,0.0,5.0,257.0,0,0,0
2015-08-23,73.0,67.0,61.0,56.0,55.0,54.0,78.0,68.0,57.0,30.03,29.99,29.94,10.0,10.0,10.0,17.0,10.0,21.0,0.0,7.0,277.0,0,0,0
2015-08-24,75.0,68.0,61.0,57.0,55.0,54.0,84.0,69.0,53.0,30.06,30.02,29.97,10.0,10.0,7.0,17.0,10.0,22.0,0.0,4.0,281.0,0,0,0
2015-08-25,74.0,67.0,60.0,57.0,56.0,54.0,84.0,69.0,53.0,30.03,29.99,29.94,10.0,9.0,6.0,18.0,10.0,23.0,0.0,4.0,290.0,0,0,0
2015-08-26,79.0,69.0,58.0,58.0,56.0,52.0,87.0,65.0,43.0,30.04,30.0,29.97,10.0,9.0,6.0,16.0,6.0,21.0,0.0,4.0,296.0,0,0,0
2015-08-27,84.0,72.0,59.0,58.0,55.0,46.0,84.0,57.0,30.0,30.06,30.01,29.95,10.0,10.0,10.0,17.0,6.0,29.0,0.0,2.0,272.0,0,0,0
2015-08-28,91.0,77.0,62.0,62.0,58.0,53.0,87.0,60.0,32.0,29.96,29.9,29.86,10.0,10.0,10.0,24.0,8.0,28.0,0.0,4.0,291.0,0,0,0
2015-08-29,76.0,71.0,65.0,66.0,62.0,57.0,87.0,73.0,58.0,30.01,29.98,29.93,10.0,9.0,3.0,21.0,11.0,25.0,0.15,6.0,260.0,0,1,0
2015-08-30,78.0,70.0,61.0,60.0,59.0,56.0,87.0,69.0,50.0,30.06,30.01,29.94,10.0,10.0,10.0,20.0,11.0,22.0,0.0,3.0,276.0,0,0,0
2015-08-31,78.0,69.0,60.0,58.0,57.0,54.0,84.0,67.0,50.0,29.95,29.91,29.87,10.0,10.0,9.0,18.0,9.0,21.0,0.0,1.0,246.0,0,0,0
